datetime,pps,cum_pnl,daily_pnl
1451606400,1.0,0.0,0.0
1451692800,1.0062,0.006199999999999983,0.006199999999999983
1451779200,1.0048,0.0047999999999999154,-0.0013913734843968076
1451865600,0.9969,-0.0030999999999999917,-0.007862261146496723
1451952000,1.0009,0.0008999999999999009,0.004012438559534449
1452038400,1.0013,0.0013000000000000789,0.00039964032370884005
1452124800,0.9942,-0.005800000000000027,-0.0070907819834216575
1452211200,1.0579,0.05790000000000006,0.0640716153691411
1452297600,1.0422,0.042200000000000015,-0.014840722185461808
1452384000,1.0344,0.034399999999999986,-0.007484168105929792
1452470400,1.0352,0.0351999999999999,0.0007733952049496441
1452556800,1.0351,0.03509999999999991,-9.659969088097855e-05
1452643200,0.991,-0.009000000000000008,-0.04260457926770353
1452729600,0.9875,-0.012499999999999956,-0.0035317860746719954
1452816000,0.9827,-0.017299999999999982,-0.004860759493670912
1452902400,0.8247,-0.1753,-0.16078152030121098
1452988800,0.8869,-0.11309999999999998,0.07542136534497397
1453075200,0.8693,-0.13070000000000004,-0.01984440184913751
1453161600,0.8778,-0.12219999999999998,0.009777982284596875
1453248000,0.8641,-0.13590000000000002,-0.015607199817726184
1453334400,0.9366,-0.06340000000000001,0.08390232611966209
1453420800,0.922,-0.07799999999999996,-0.015588298099508804
1453507200,0.881,-0.119,-0.04446854663774407
1453593600,0.8873,-0.11270000000000002,0.007150964812712795
1453680000,0.9055,-0.09450000000000003,0.02051166460047334
1453766400,0.8914,-0.10860000000000003,-0.01557150745444506
1453852800,0.8934,-0.10660000000000003,0.002243661655822304
1453939200,0.8962,-0.1038,0.0031340944705619263
1454025600,0.8875,-0.11250000000000004,-0.009707654541397055
1454112000,0.8863,-0.11370000000000002,-0.0013521126760563144
1454198400,0.8861,-0.1139,-0.00022565722667265936
1454284800,0.8844,-0.11560000000000004,-0.0019185193544747035
1454371200,0.8844,-0.11560000000000004,0.0
1454457600,0.8842,-0.11580000000000001,-0.0002261420171867684
1454544000,0.885,-0.11499999999999999,0.0009047726758652148
1454630400,0.8764,-0.12360000000000004,-0.009717514124293844
1454716800,0.8777,-0.12229999999999996,0.00148334094021004
1454803200,0.8512,-0.14880000000000004,-0.03019254870684753
1454889600,0.8547,-0.14529999999999998,0.004111842105263227
1454976000,0.8445,-0.15549999999999997,-0.011934011934011918
1455062400,0.8546,-0.14539999999999997,0.01195973949082297
1455148800,0.8713,-0.12870000000000004,0.019541305874093067
1455235200,0.8618,-0.1382,-0.010903248020199648
1455321600,0.8742,-0.12580000000000002,0.014388489208633054
1455408000,0.9147,-0.08530000000000004,0.046328071379546996
1455494400,0.9614,-0.03859999999999997,0.05105499070733582
1455580800,0.9278,-0.07220000000000004,-0.03494903266070322
1455667200,0.9543,-0.04569999999999996,0.02856219012718267
1455753600,0.9851,-0.014900000000000024,0.032274965943623536
1455840000,1.0071,0.007100000000000106,0.022332758095624943
1455926400,1.0029,0.0028999999999999027,-0.004170390229371664
1456012800,1.0807,0.0807,0.07757503240602263
1456099200,1.0844,0.08440000000000003,0.003423706856667009
1456185600,1.0814,0.08139999999999992,-0.002766506824050271
1456272000,0.997,-0.0030000000000000027,-0.07804697614203802
1456358400,1.0172,0.017200000000000104,0.02026078234704123
1456444800,1.0169,0.016899999999999915,-0.00029492725127820387
1456531200,1.0627,0.06269999999999998,0.045038843544104694
1456617600,1.0516,0.05160000000000009,-0.010445092688435013
1456704000,1.0609,0.060899999999999954,0.008843666793457458
1456790400,1.0701,0.07010000000000005,0.008671882364030633
1456876800,1.0591,0.05909999999999993,-0.010279413138959088
1456963200,1.016,0.016000000000000014,-0.04069492965725609
1457049600,0.9996,-0.00039999999999995595,-0.01614173228346454
1457136000,0.9503,-0.049699999999999966,-0.04931972789115647
1457222400,0.9503,-0.049699999999999966,0.0
1457308800,0.9503,-0.049699999999999966,0.0
1457395200,0.9502,-0.049799999999999955,-0.0001052299273913385
1457481600,0.9501,-0.049900000000000055,-0.00010524100189444328
1457568000,0.9504,-0.04959999999999998,0.0003157562361857468
1457654400,0.9519,-0.04810000000000003,0.0015782828282827712
1457740800,0.9536,-0.0464,0.0017859018804496636
1457827200,0.9473,-0.05269999999999997,-0.006606543624161044
1457913600,0.9472,-0.05279999999999996,-0.00010556317956295681
1458000000,0.9476,-0.0524,0.00042229729729725075
1458086400,0.9475,-0.05249999999999999,-0.00010552975939213697
1458172800,0.9479,-0.052100000000000035,0.0004221635883904548
1458259200,0.949,-0.051000000000000045,0.0011604599641312269
1458345600,0.9426,-0.05740000000000001,-0.006743940990516293
1458432000,0.9426,-0.05740000000000001,0.0
1458518400,0.9426,-0.05740000000000001,0.0
1458604800,0.9425,-0.057499999999999996,-0.00010608953957138657
1458691200,0.9413,-0.058699999999999974,-0.0012732095490715957
1458777600,0.9414,-0.058599999999999985,0.00010623605651757036
1458864000,0.9413,-0.058699999999999974,-0.00010622477161672932
1458950400,0.9413,-0.058699999999999974,0.0
1459036800,0.9414,-0.058599999999999985,0.00010623605651757036
1459123200,0.9431,-0.05689999999999995,0.0018058211174846344
1459209600,0.932,-0.06799999999999995,-0.011769695684444914
1459296000,0.9022,-0.0978,-0.03197424892703868
1459382400,0.8894,-0.11060000000000003,-0.014187541565063216
1459468800,0.8894,-0.11060000000000003,0.0
1459555200,0.8894,-0.11060000000000003,0.0
1459641600,0.8885,-0.11150000000000004,-0.0010119181470654509
1459728000,0.8871,-0.1129,-0.0015756893640967438
1459814400,0.8869,-0.11309999999999998,-0.0002254537256227911
1459900800,0.9005,-0.09950000000000003,0.015334310519787965
1459987200,0.8959,-0.10409999999999997,-0.005108273181565728
1460073600,0.8934,-0.10660000000000003,-0.0027904900100458284
1460160000,0.8796,-0.12039999999999995,-0.015446608462054985
1460246400,0.8805,-0.11950000000000005,0.001023192360163598
1460332800,0.8919,-0.10809999999999997,0.012947189097104007
1460419200,0.8995,-0.10050000000000003,0.008521134656351542
1460505600,0.91,-0.08999999999999997,0.011673151750972836
1460592000,0.904,-0.09599999999999997,-0.006593406593406599
1460678400,0.9086,-0.09140000000000004,0.0050884955752211695
1460764800,0.9268,-0.07320000000000004,0.020030816640986125
1460851200,0.9303,-0.06969999999999998,0.003776435045317284
1460937600,0.9192,-0.08079999999999998,-0.011931634956465655
1461024000,0.927,-0.07299999999999995,0.008485639686684105
1461110400,0.9488,-0.05120000000000002,0.023516720604099168
1461196800,0.9699,-0.030100000000000016,0.022238617200674545
1461283200,0.994,-0.006000000000000005,0.024847922466233643
1461369600,0.9833,-0.016700000000000048,-0.010764587525150948
1461456000,1.0024,0.0023999999999999577,0.019424387267365003
1461542400,1.0285,0.02849999999999997,0.026037509976057475
1461628800,1.025,0.02499999999999991,-0.003403014098201321
1461715200,1.0385,0.03849999999999998,0.01317073170731714
1461801600,0.9827,-0.017299999999999982,-0.053731343283582055
1461888000,0.9943,-0.005700000000000038,0.011804212882873658
1461974400,1.0076,0.007600000000000051,0.013376244594186956
1462060800,0.9877,-0.012299999999999978,-0.019749900754267594
1462147200,0.9968,-0.0031999999999999806,0.009213323883770372
1462233600,0.9809,-0.019100000000000006,-0.01595104333868381
1462320000,0.9809,-0.019100000000000006,0.0
1462406400,0.9809,-0.019100000000000006,0.0
1462492800,0.9809,-0.019100000000000006,0.0
1462579200,0.9809,-0.019100000000000006,0.0
1462665600,0.9808,-0.019199999999999995,-0.00010194719135486695
1462752000,0.9809,-0.019100000000000006,0.00010195758564436071
1462838400,0.9816,-0.018399999999999972,0.0007136303394841818
1462924800,0.9764,-0.023599999999999954,-0.005297473512632419
1463011200,0.9764,-0.023599999999999954,0.0
1463097600,0.9764,-0.023599999999999954,0.0
1463184000,0.9763,-0.023700000000000054,-0.0001024170421959238
1463270400,0.9762,-0.023800000000000043,-0.0001024275325207303
1463356800,0.9761,-0.023900000000000032,-0.00010243802499486682
1463443200,0.9755,-0.024499999999999966,-0.0006146911177132814
1463529600,0.9755,-0.024499999999999966,0.0
1463616000,0.9755,-0.024499999999999966,0.0
1463702400,0.9755,-0.024499999999999966,0.0
1463788800,0.9755,-0.024499999999999966,0.0
1463875200,0.9755,-0.024499999999999966,0.0
1463961600,0.9755,-0.024499999999999966,0.0
1464048000,0.9748,-0.0252,-0.0007175807278319158
1464134400,0.9746,-0.025399999999999978,-0.00020517029134179112
1464220800,0.9733,-0.026699999999999946,-0.0013338805663861766
1464307200,0.9702,-0.02980000000000005,-0.0031850405835817347
1464393600,0.9572,-0.04279999999999995,-0.013399299113584727
1464480000,1.1453,0.14529999999999998,0.19651065608023394
1464566400,1.165,0.16500000000000004,0.017200733432288527
1464652800,1.1944,0.1943999999999999,0.02523605150214581
1464739200,1.165,0.16500000000000004,-0.024614869390488844
1464825600,1.1838,0.18379999999999996,0.01613733905579393
1464912000,1.1838,0.18379999999999996,0.0
1464998400,1.3115,0.3115000000000001,0.10787295151207987
1465084800,1.3124,0.3124,0.0006862371330536796
1465171200,1.3313,0.33129999999999993,0.014401097226455285
1465257600,1.3869,0.3869,0.04176368962668076
1465344000,1.3309,0.33089999999999997,-0.04037782103972893
1465430400,1.3667,0.3667,0.026899090840784474
1465516800,1.3279,0.3279000000000001,-0.028389551474354242
1465603200,1.3431,0.34309999999999996,0.011446645078695594
1465689600,1.5329,0.5328999999999999,0.14131486858759584
1465776000,1.781,0.7809999999999999,0.16185008806836715
1465862400,1.8155,0.8154999999999999,0.019371139809096
1465948800,1.7821,0.7821,-0.018397135775268452
1466035200,1.7916,0.7916000000000001,0.005330789517984436
1466121600,1.899,0.899,0.0599464166108506
1466208000,1.8665,0.8665,-0.017114270668773024
1466294400,1.8732,0.8732,0.0035896062148405724
1466380800,1.8889,0.8889,0.008381379457612666
1466467200,1.8512,0.8512,-0.019958706125258123
1466553600,1.7611,0.7611000000000001,-0.04867113223854789
1466640000,1.7592,0.7592000000000001,-0.0010788711600704178
1466726400,1.7592,0.7592000000000001,0.0
1466812800,1.7592,0.7592000000000001,0.0
1466899200,1.7592,0.7592000000000001,0.0
1466985600,1.7592,0.7592000000000001,0.0
1467072000,1.7592,0.7592000000000001,0.0
1467158400,1.7574,0.7574000000000001,-0.0010231923601637242
1467244800,1.7574,0.7574000000000001,0.0
1467331200,1.7573,0.7573000000000001,-5.69022419483265e-05
1467417600,1.7574,0.7574000000000001,5.690547999771751e-05
1467504000,1.7648,0.7647999999999999,0.00421076590417654
1467590400,1.7453,0.7453000000000001,-0.011049410698096018
1467676800,1.7452,0.7452000000000001,-5.7296739815498185e-05
1467763200,1.7433,0.7433000000000001,-0.0010887004354801814
1467849600,1.7433,0.7433000000000001,0.0
1467936000,1.7379,0.7379,-0.003097573567372266
1468022400,1.7379,0.7379,0.0
1468108800,1.7358,0.7358,-0.0012083549110995977
1468195200,1.7358,0.7358,0.0
1468281600,1.7353,0.7353000000000001,-0.0002880516188500662
1468368000,1.7409,0.7408999999999999,0.003227107704719545
1468454400,1.7346,0.7345999999999999,-0.003618817852834725
1468540800,1.7371,0.7371000000000001,0.0014412544678889477
1468627200,1.7408,0.7407999999999999,0.0021299867595416582
1468713600,1.739,0.7390000000000001,-0.0010340073529410626
1468800000,1.7595,0.7595000000000001,0.011788384128809639
1468886400,1.7502,0.7502,-0.005285592497868761
1468972800,1.7514,0.7514000000000001,0.000685635927322643
1469059200,1.7369,0.7369000000000001,-0.008279091012903937
1469145600,1.7369,0.7369000000000001,0.0
1469232000,1.7369,0.7369000000000001,0.0
1469318400,1.7369,0.7369000000000001,0.0
1469404800,1.7368,0.7367999999999999,-5.757383844793081e-05
1469491200,1.7356,0.7356,-0.0006909258406263633
1469577600,1.7356,0.7356,0.0
1469664000,1.7356,0.7356,0.0
1469750400,1.7352,0.7352000000000001,-0.0002304678497349366
1469836800,1.7359,0.7359,0.00040341171046560795
1469923200,1.7347,0.7346999999999999,-0.0006912840601417651
1470009600,1.7164,0.7163999999999999,-0.01054937453161929
1470096000,1.7108,0.7108000000000001,-0.0032626427406198017
1470182400,1.6911,0.6911,-0.011515080664016863
1470268800,1.6938,0.6938,0.0015965939329430103
1470355200,1.6929,0.6929000000000001,-0.0005313496280552019
1470441600,1.6934,0.6934,0.00029535117254412245
1470528000,1.6875,0.6875,-0.003484114798629985
1470614400,1.684,0.6839999999999999,-0.002074074074074109
1470700800,1.6876,0.6876,0.0021377672209026413
1470787200,1.6899,0.6899,0.00136288219957334
1470873600,1.685,0.685,-0.0028995798567962036
1470960000,1.6897,0.6897,0.002789317507418354
1471046400,1.6871,0.6871,-0.0015387346866307249
1471132800,1.6922,0.6921999999999999,0.003022938770671497
1471219200,1.7163,0.7162999999999999,0.014241815388251986
1471305600,1.7195,0.7195,0.0018644759074754366
1471392000,1.7043,0.7042999999999999,-0.008839779005524922
1471478400,1.7107,0.7107000000000001,0.0037552074165347555
1471564800,1.7093,0.7093,-0.0008183784415736645
1471651200,1.7015,0.7015,-0.004563271514655139
1471737600,1.7025,0.7024999999999999,0.0005877167205406346
1471824000,1.7021,0.7021,-0.000234948604992632
1471910400,1.7047,0.7047000000000001,0.0015275248222784547
1471996800,1.702,0.702,-0.0015838563970200896
1472083200,1.6987,0.6987000000000001,-0.0019388954171562036
1472169600,1.6993,0.6993,0.0003532112792134773
1472256000,1.699,0.6990000000000001,-0.00017654328252808036
1472342400,1.6878,0.6878,-0.006592113007651617
1472428800,1.6945,0.6944999999999999,0.003969664652209935
1472515200,1.6937,0.6937,-0.00047211566833869103
1472601600,1.702,0.702,0.004900513668300156
1472688000,1.6963,0.6962999999999999,-0.0033490011750881544
1472774400,1.6876,0.6876,-0.005128809762424059
1472860800,1.7004,0.7003999999999999,0.007584735719364732
1472947200,1.7468,0.7467999999999999,0.027287697012467655
1473033600,1.7811,0.7810999999999999,0.019635905656056787
1473120000,1.774,0.774,-0.003986300600752279
1473206400,1.779,0.7789999999999999,0.002818489289740639
1473292800,1.7881,0.7881,0.00511523327712204
1473379200,1.8234,0.8233999999999999,0.01974162518874777
1473465600,1.8143,0.8143,-0.004990676757705323
1473552000,1.8154,0.8153999999999999,0.0006062944386264008
1473638400,1.7498,0.7498,-0.03613528698909325
1473724800,1.7601,0.7601,0.0058863870156589185
1473811200,1.7572,0.7572000000000001,-0.001647633657178514
1473897600,1.7654,0.7654000000000001,0.004666514910084216
1473984000,1.7549,0.7548999999999999,-0.005947660586835944
1474070400,1.7544,0.7544,-0.0002849165194597669
1474156800,1.7513,0.7513000000000001,-0.0017669858641130192
1474243200,1.7681,0.7681,0.009592873865128719
1474329600,1.7647,0.7646999999999999,-0.00192296815790966
1474416000,1.7037,0.7037,-0.03456678188927293
1474502400,1.7037,0.7037,0.0
1474588800,1.7037,0.7037,0.0
1474675200,1.7036,0.7036,-5.869577977342783e-05
1474761600,1.7034,0.7034,-0.00011739845034044258
1474848000,1.7029,0.7029000000000001,-0.0002935305858870171
1474934400,1.7028,0.7028000000000001,-5.8723354277989886e-05
1475020800,1.7023,0.7022999999999999,-0.00029363401456434515
1475107200,1.7019,0.7019,-0.0002349762086588474
1475193600,1.7025,0.7024999999999999,0.00035254715318169924
1475280000,1.7053,0.7053,0.0016446402349486848
1475366400,1.7044,0.7043999999999999,-0.0005277663754178871
1475452800,1.6942,0.6941999999999999,-0.005984510678244536
1475539200,1.7025,0.7024999999999999,0.004899067406445505
1475625600,1.6854,0.6854,-0.010044052863436062
1475712000,1.693,0.6930000000000001,0.00450931529607218
1475798400,1.6921,0.6920999999999999,-0.0005316007088010177
1475884800,1.7209,0.7209000000000001,0.017020270669582272
1475971200,1.7219,0.7219,0.0005810912894415073
1476057600,1.7094,0.7094,-0.007259422730704429
1476144000,1.7317,0.7317,0.013045513045513038
1476230400,1.8397,0.8396999999999999,0.06236646070335501
1476316800,1.8137,0.8137000000000001,-0.01413273903353797
1476403200,1.8242,0.8242,0.005789270551910433
1476489600,1.8423,0.8423,0.00992215765815152
1476576000,1.8215,0.8214999999999999,-0.011290235032296668
1476662400,1.8419,0.8419000000000001,0.011199560801537303
1476748800,1.8264,0.8264,-0.008415223410608647
1476835200,1.824,0.8240000000000001,-0.0013140604467805287
1476921600,1.7904,0.7904,-0.018421052631578987
1477008000,1.7929,0.7928999999999999,0.001396336014298451
1477094400,1.8,0.8,0.003960064699648673
1477180800,1.904,0.9039999999999999,0.057777777777777706
1477267200,1.8833,0.8833,-0.010871848739495768
1477353600,1.8682,0.8682000000000001,-0.008017841023734876
1477440000,1.8887,0.8887,0.010973129215287421
1477526400,1.9571,0.9571000000000001,0.03621538624450681
1477612800,1.9898,0.9898,0.016708395074344667
1477699200,1.9904,0.9904,0.0003015378429992632
1477785600,2.0495,1.0495,0.029692524115755705
1477872000,2.0207,1.0207000000000002,-0.014052207855574499
1477958400,2.0196,1.0196,-0.0005443658138269416
1478044800,2.0987,1.0987,0.03916617151911267
1478131200,2.1305,1.1305,0.015152237099156645
1478217600,2.0072,1.0072,-0.05787373855902368
1478304000,2.0351,1.0351,0.013899960143483367
1478390400,2.0373,1.0373,0.001081027959314138
1478476800,2.0486,1.0486,0.00554655671722371
1478563200,2.0381,1.0381,-0.005125451527872671
1478649600,2.0472,1.0472000000000001,0.004464942838918654
1478736000,2.0613,1.0613000000000001,0.006887456037514655
1478822400,2.0535,1.0535,-0.0037840197933343175
1478908800,2.0543,1.0543,0.0003895787679571034
1478995200,2.0543,1.0543,0.0
1479081600,2.0543,1.0543,0.0
1479168000,2.0543,1.0543,0.0
1479254400,2.0543,1.0543,0.0
1479340800,2.0542,1.0541999999999998,-4.867838193068735e-05
1479427200,2.0531,1.0531000000000001,-0.00053548826793869
1479513600,2.0541,1.0541,0.0004870683356874433
1479600000,2.0423,1.0423,-0.005744608344287051
1479686400,1.9272,0.9272,-0.05635802771385202
1479772800,1.9264,0.9263999999999999,-0.00041511000415116954
1479859200,1.924,0.9239999999999999,-0.0012458471760797122
1479945600,1.8708,0.8708,-0.027650727650727607
1480032000,1.8708,0.8708,0.0
1480118400,1.8708,0.8708,0.0
1480204800,1.8708,0.8708,0.0
1480291200,1.8708,0.8708,0.0
1480377600,1.8708,0.8708,0.0
1480464000,1.8708,0.8708,0.0
1480550400,1.8707,0.8707,-5.345306820610914e-05
1480636800,1.8721,0.8721000000000001,0.0007483829582509584
1480723200,1.8769,0.8769,0.002563965600128153
1480809600,1.8707,0.8707,-0.0033033193031061767
1480896000,1.9038,0.9037999999999999,0.017693911370075324
1480982400,1.8083,0.8083,-0.05016283223027625
1481068800,1.8083,0.8083,0.0
1481155200,1.8083,0.8083,0.0
1481241600,1.8082,0.8082,-5.530055853563512e-05
1481328000,1.8087,0.8087,0.00027651808428268165
1481414400,1.807,0.8069999999999999,-0.000939901586775051
1481500800,1.785,0.7849999999999999,-0.012174875484228014
1481587200,1.7828,0.7827999999999999,-0.0012324929971988684
1481673600,1.7513,0.7513000000000001,-0.017668835539600553
1481760000,1.7513,0.7513000000000001,0.0
1481846400,1.7513,0.7513000000000001,0.0
1481932800,1.7513,0.7513000000000001,0.0
1482019200,1.7491,0.7491000000000001,-0.001256209672814469
1482105600,1.7486,0.7485999999999999,-0.00028586130009728827
1482192000,1.7535,0.7535000000000001,0.00280224179343482
1482278400,1.7949,0.7948999999999999,0.023609923011120547
1482364800,1.9363,0.9362999999999999,0.07877876204802495
1482451200,2.035,1.0350000000000001,0.050973506171564445
1482537600,2.3083,1.3083,0.13429975429975424
1482624000,2.1789,1.1789,-0.056058571242906016
1482710400,2.1623,1.1623,-0.007618523107990246
1482796800,2.1637,1.1637,0.0006474587245062414
1482883200,2.1713,1.1713,0.0035125017331423263
1482969600,2.1868,1.1867999999999999,0.007138580573849697
1483056000,2.1859,1.1859000000000002,-0.00041156027071505345
1483142400,2.1761,1.1761,-0.004483279198499589
1483228800,2.1839,1.1839,0.0035843940995358803
1483315200,2.212,1.2120000000000002,0.012866889509593039
1483401600,2.2329,1.2328999999999999,0.00944846292947545
1483488000,2.2482,1.2482000000000002,0.006852075775896956
1483574400,2.3858,1.3858000000000001,0.06120451917089224
1483660800,2.1933,1.1932999999999998,-0.08068572386620854
1483747200,2.1802,1.1802000000000001,-0.005972735147950426
1483833600,2.1807,1.1806999999999999,0.00022933675809546045
1483920000,2.1807,1.1806999999999999,0.0
1484006400,2.1807,1.1806999999999999,0.0
1484092800,2.1807,1.1806999999999999,0.0
1484179200,2.1807,1.1806999999999999,0.0
1484265600,2.1807,1.1806999999999999,0.0
1484352000,2.1807,1.1806999999999999,0.0
1484438400,2.1806,1.1806,-4.5856834961144105e-05
1484524800,2.1795,1.1795,-0.000504448316977025
1484611200,2.1774,1.1774,-0.0009635237439779723
1484697600,2.1454,1.1454,-0.014696426931202364
1484784000,2.1577,1.1577000000000002,0.005733196606693484
1484870400,2.1492,1.1492,-0.003939379895258921
1484956800,2.151,1.1509999999999998,0.0008375209380233583
1485043200,2.127,1.1269999999999998,-0.011157601115760123
1485129600,2.1222,1.1221999999999999,-0.0022566995768687897
1485216000,2.1322,1.1322,0.004712091226086246
1485302400,2.1526,1.1526,0.009567582778350986
1485388800,2.1525,1.1524999999999999,-4.645544922429203e-05
1485475200,2.152,1.1520000000000001,-0.00023228803716595722
1485561600,2.1614,1.1614,0.004368029739776883
1485648000,2.1702,1.1702,0.004071435180901231
1485734400,2.1486,1.1486,-0.009952999723527712
1485820800,2.1636,1.1636000000000002,0.006981290142418377
1485907200,2.3946,1.3946,0.10676650027731552
1485993600,2.467,1.467,0.030234694729808744
1486080000,2.5717,1.5716999999999999,0.042440210782326626
1486166400,2.6177,1.6177000000000001,0.017887000816580574
1486252800,2.7022,1.7022,0.0322802460174962
1486339200,2.6008,1.6008,-0.03752497964621417
1486425600,2.6529,1.6528999999999998,0.020032297754536993
1486512000,2.8075,1.8075,0.058275849070828264
1486598400,2.7945,1.7945000000000002,-0.004630454140694532
1486684800,2.4294,1.4293999999999998,-0.13064949006978008
1486771200,2.4287,1.4287,-0.0002881369885567222
1486857600,2.4244,1.4243999999999999,-0.001770494503232261
1486944000,2.4276,1.4276,0.0013199142055766754
1487030400,2.4267,1.4266999999999999,-0.00037073652990613073
1487116800,2.4267,1.4266999999999999,0.0
1487203200,2.4267,1.4266999999999999,0.0
1487289600,2.4266,1.4266,-4.120822516164625e-05
1487376000,2.4251,1.4251,-0.0006181488502431619
1487462400,2.4476,1.4476,0.009277967918848693
1487548800,2.4256,1.4256000000000002,-0.00898839679686215
1487635200,2.5657,1.5657,0.057758905013192564
1487721600,2.7244,1.7244000000000002,0.06185446466851154
1487808000,2.6861,1.6861000000000002,-0.014058141242108354
1487894400,2.9915,1.9914999999999998,0.11369643721380428
1487980800,2.9409,1.9409,-0.016914591342135972
1488067200,2.841,1.8410000000000002,-0.033969193104151744
1488153600,2.9654,1.9653999999999998,0.04378739880323816
1488240000,3.0533,2.0533,0.029641869562285126
1488326400,3.015,2.015,-0.012543805063374054
1488412800,3.2576,2.2576,0.08046434494195685
1488499200,3.382,2.382,0.03818762278978391
1488585600,3.5635,2.5635,0.05366646954464807
1488672000,3.4225,2.4225,-0.03956784060614565
1488758400,3.4837,2.4837,0.017881665449232996
1488844800,3.4941,2.4941,0.002985331687573611
1488931200,3.2425,2.2425,-0.07200709767894446
1489017600,3.2505,2.2505,0.002467232074016964
1489104000,3.2505,2.2505,0.0
1489190400,3.2505,2.2505,0.0
1489276800,3.2505,2.2505,0.0
1489363200,3.2504,2.2504,-3.0764497769638834e-05
1489449600,3.2524,2.2524,0.0006153088850603691
1489536000,3.2532,2.2532,0.000245972205140792
1489622400,3.2584,2.2584,0.001598426165006723
1489708800,3.2124,2.2124,-0.014117358212619635
1489795200,3.2124,2.2124,0.0
1489881600,3.2124,2.2124,0.0
1489968000,3.2123,2.2123,-3.112937367706731e-05
1490054400,3.2091,2.2091,-0.0009961709678423846
1490140800,3.1856,2.1856,-0.0073229254308061
1490227200,3.2205,2.2205,0.01095554997488697
1490313600,3.2236,2.2236,0.0009625834497748426
1490400000,3.2975,2.2975,0.022924680481449338
1490486400,3.2696,2.2696,-0.008460955269143235
1490572800,3.2699,2.2699,9.175434303882582e-05
1490659200,3.1737,2.1737,-0.029419859934554458
1490745600,3.1684,2.1684,-0.0016699751079182286
1490832000,3.17,2.17,0.0005049867440979118
1490918400,3.1822,2.1822,0.003848580441640375
1491004800,3.0941,2.0941,-0.02768524919866754
1491091200,3.0715,2.0715,-0.007304224168578965
1491177600,3.044,2.044,-0.00895328015627539
1491264000,3.0505,2.0505,0.0021353482260183807
1491350400,3.0496,2.0496,-0.00029503360104904863
1491436800,3.0463,2.0463,-0.0010821091290660607
1491523200,3.0748,2.0748,0.009355611725700092
1491609600,3.0773,2.0773,0.0008130610120983305
1491696000,3.0707,2.0707,-0.002144737269684516
1491782400,3.096,2.096,0.008239163708600677
1491868800,3.0984,2.0984,0.000775193798449527
1491955200,3.1106,2.1106,0.0039375161373612156
1492041600,3.1015,2.1015,-0.0029254806146723025
1492128000,3.0449,2.0449,-0.018249234241496045
1492214400,3.0604,2.0604,0.005090479161877187
1492300800,3.0461,2.0461,-0.004672591818062992
1492387200,3.0708,2.0708,0.008108729194708042
1492473600,3.0785,2.0785,0.002507489904910713
1492560000,3.1041,2.1041,0.008315738184180558
1492646400,3.1047,2.1047,0.00019329274185752197
1492732800,3.1737,2.1737,0.02222436950430006
1492819200,3.1991,2.1991,0.008003276932287194
1492905600,3.1826,2.1826,-0.005157700603294733
1492992000,3.1931,2.1931,0.0032991893420473684
1493078400,3.2176,2.2176,0.007672794463061035
1493164800,3.2846,2.2846,0.02082297364495281
1493251200,3.3422,2.3422,0.01753638190342808
1493337600,3.4977,2.4977,0.046526240201065154
1493424000,3.4821,2.4821,-0.004460073762758401
1493510400,3.509,2.509,0.007725223284799381
1493596800,3.5787,2.5787,0.019863208891422086
1493683200,3.7887,2.7887,0.058680526448151554
1493769600,3.9381,2.9381,0.039433050914561715
1493856000,4.167,3.167,0.058124476270282596
1493942400,4.3076,3.3076,0.03374130069594434
1494028800,4.2151,3.2150999999999996,-0.021473674435880826
1494115200,4.4044,3.4044,0.04490996654883639
1494201600,4.4865,3.4865000000000004,0.018640450458632392
1494288000,4.9132,3.9132,0.09510754485679246
1494374400,5.1431,4.1431,0.04679231458112834
1494460800,5.2216,4.2216,0.015263168128171729
1494547200,5.2996,4.2996,0.014937950053623467
1494633600,5.0864,4.0864,-0.040229451279341764
1494720000,5.2272,4.2272,0.027681660899653897
1494806400,5.2528,4.2528,0.004897459442913959
1494892800,5.1585,4.1585,-0.017952330185805592
1494979200,5.1663,4.1663,0.0015120674614712774
1495065600,5.2665,4.2665,0.019394924801114932
1495152000,5.3865,4.3865,0.022785531187695836
1495238400,5.4845,4.4845,0.018193632228719923
1495324800,5.624,4.624,0.02543531771355638
1495411200,5.6052,4.6052,-0.0033428165007111854
1495497600,5.7001,4.7001,0.016930707200456717
1495584000,5.9427,4.9427,0.04256065683058199
1495670400,6.1858,5.1858,0.04090733168425128
1495756800,5.9995,4.9995,-0.03011736557922987
1495843200,5.951,4.951,-0.00808400700058349
1495929600,5.6777,4.6777,-0.04592505461267012
1496016000,5.8576,4.8576,0.031685365552952774
1496102400,6.0044,5.0044,0.025061458617864095
1496188800,5.8286,4.8286,-0.02927852907867574
1496275200,5.9962,4.9962,0.028754761006073534
1496361600,6.1638,5.1638,0.027951035655915446
1496448000,6.2844,5.2844,0.01956585223401142
1496534400,6.3521,5.3521,0.010772707020558894
1496620800,6.3311,5.3311,-0.003305993293556447
1496707200,6.6078,5.6078,0.043704885406959285
1496793600,6.8792,5.8792,0.04107267169103179
1496880000,6.5368,5.5368,-0.04977322944528428
1496966400,6.76,5.76,0.034145147472769456
1497052800,6.7592,5.7592,-0.00011834319526625916
1497139200,6.9151,5.9151,0.02306485974671558
1497225600,7.0233,6.0233,0.01564691761507427
1497312000,6.5203,5.5203,-0.07161875471644386
1497398400,6.5777,5.5777,0.008803275922887037
1497484800,6.5777,5.5777,0.0
1497571200,6.5777,5.5777,0.0
1497657600,6.5777,5.5777,0.0
1497744000,6.5774,5.5774,-4.560864739957569e-05
1497830400,6.5643,5.5643,-0.0019916684404171357
1497916800,6.5641,5.5641,-3.0467833584757256e-05
1498003200,6.5813,5.5813,0.0026203135235599523
1498089600,6.5603,5.5603,-0.0031908589488398808
1498176000,6.5775,5.5775,0.002621831318689676
1498262400,6.5669,5.5669,-0.0016115545419991299
1498348800,6.4912,5.4912,-0.011527509174800945
1498435200,6.4912,5.4912,0.0
1498521600,6.4912,5.4912,0.0
1498608000,6.491,5.491,-3.081094404739063e-05
1498694400,6.4929,5.4929,0.0002927129872130662
1498780800,6.4861,5.4861,-0.0010472978176160502
1498867200,6.454,5.454,-0.004949044880590907
1498953600,6.454,5.454,0.0
1499040000,6.4537,5.4537,-4.6482801363387174e-05
1499126400,6.4575,5.4575,0.0005888095201201074
1499212800,6.4733,5.4733,0.00244676732481618
1499299200,6.4734,5.4734,1.5448071308261157e-05
1499385600,6.4735,5.4735,1.5447832669040526e-05
1499472000,6.4081,5.4081,-0.010102726500347489
1499558400,6.4079,5.4079,-3.121049921200076e-05
1499644800,6.4013,5.4013,-0.0010299786201407196
1499731200,6.401,5.401,-4.686548044931327e-05
1499817600,6.4051,5.4051,0.0006405249179815989
1499904000,6.3816,5.3816,-0.0036689513044293296
1499990400,6.4018,5.4018,0.0031653503823492538
1500076800,6.4745,5.4745,0.01135618107407295
1500163200,6.6411,5.6411,0.025731716734882983
1500249600,6.6843,5.6843,0.00650494646971143
1500336000,6.3692,5.3692,-0.04714031386981436
1500422400,6.2733,5.2733,-0.015056836023362481
1500508800,6.3282,5.3282,0.008751374874467975
1500595200,5.3816,4.3816,-0.1495843999873582
1500681600,5.3611,4.3611,-0.0038092760517316965
1500768000,5.3935,4.3935,0.006043535841525057
1500854400,5.37,4.37,-0.004357096505052433
1500940800,5.3743,4.3743,0.0008007448789571226
1501027200,5.2746,4.2746,-0.01855125318646139
1501113600,5.257,4.257,-0.0033367459143822708
1501200000,5.349,4.349,0.01750047555640109
1501286400,5.4444,4.4444,0.017835109366236623
1501372800,5.3639,4.3639,-0.014785834986408015
1501459200,5.4016,4.4016,0.0070284680922463256
1501545600,5.5338,4.5338,0.024474229857819923
1501632000,5.3891,4.3891,-0.026148397123134243
1501718400,5.3588,4.3588,-0.00562246015104571
1501804800,5.4716,4.4716,0.0210494886914981
1501891200,5.572,4.572,0.018349294539074586
1501977600,6.2144,5.2144,0.11529073941134248
1502064000,6.1533,5.1533,-0.009832003089598447
1502150400,6.4626,5.4626,0.05026571108185857
1502236800,6.5134,5.5134,0.007860613375421616
1502323200,6.3531,5.3531,-0.024610802345932915
1502409600,6.5002,5.5002,0.02315405077836017
1502496000,7.0199,6.0199,0.07995138611119648
1502582400,7.5241,6.5241,0.07182438496274876
1502668800,8.0048,7.0047999999999995,0.06388803976555331
1502755200,8.6214,7.6213999999999995,0.07702878273036179
1502841600,8.1846,7.1846,-0.050664625234880634
1502928000,8.835,7.835000000000001,0.07946631478630614
1503014400,8.4918,7.4918,-0.038845500848896576
1503100800,7.9832,6.9832,-0.05989307331778887
1503187200,8.0721,7.072100000000001,0.011135885359254515
1503273600,7.8199,6.8199,-0.031243418689064936
1503360000,7.6558,6.6558,-0.020984923080857743
1503446400,7.9973,6.9973,0.04460670341440475
1503532800,8.1211,7.1211,0.015480224575794347
1503619200,8.756,7.756,0.07817906441245644
1503705600,8.8961,7.896100000000001,0.016000456829602595
1503792000,8.7814,7.7814,-0.012893290318229438
1503878400,8.7814,7.7814,0.0
1503964800,8.7814,7.7814,0.0
1504051200,8.781,7.781000000000001,-4.555082333102555e-05
1504137600,8.7785,7.778499999999999,-0.0002847056143948615
1504224000,8.7961,7.796099999999999,0.0020048983311499505
1504310400,9.4746,8.4746,0.07713645820306744
1504396800,8.4663,7.4663,-0.1064213792666709
1504483200,8.4559,7.4559,-0.0012283996551032482
1504569600,8.4559,7.4559,0.0
1504656000,8.4559,7.4559,0.0
1504742400,8.4559,7.4559,0.0
1504828800,8.4559,7.4559,0.0
1504915200,8.4559,7.4559,0.0
1505001600,8.4559,7.4559,0.0
1505088000,8.4559,7.4559,0.0
1505174400,8.4559,7.4559,0.0
1505260800,8.4559,7.4559,0.0
1505347200,8.4559,7.4559,0.0
1505433600,8.4559,7.4559,0.0
1505520000,8.4556,7.4556000000000004,-3.5478186828049154e-05
1505606400,8.4563,7.456300000000001,8.278537300725494e-05
1505692800,8.4582,7.4582,0.00022468455471058555
1505779200,8.3126,7.3126,-0.017214064458158942
1505865600,8.4134,7.413399999999999,0.012126169910737863
1505952000,8.4223,7.4223,0.001057836308745641
1506038400,8.5922,7.5922,0.020172636928155036
1506124800,8.5978,7.597799999999999,0.0006517539163426577
1506211200,8.4391,7.4391,-0.01845821023982875
1506297600,8.5592,7.559200000000001,0.014231375383631046
1506384000,8.2583,7.2583,-0.035155154687354
1506470400,8.322,7.321999999999999,0.007713451921097438
1506556800,7.8768,6.8768,-0.05349675558759901
1506643200,7.8729,6.8729,-0.0004951249238270212
1506729600,7.8705,6.8705,-0.00030484319628087947
1506816000,7.9009,6.9009,0.0038625246172416246
1506902400,7.9161,6.9161,0.001923831462238492
1506988800,7.9178,6.9178,0.00021475221384262334
1507075200,7.8853,6.8853,-0.004104675541185651
1507161600,7.827,6.827,-0.0073935043688889476
1507248000,7.8902,6.8902,0.008074613517311887
1507334400,7.9347,6.9347,0.005639907733644293
1507420800,7.9951,6.9951,0.0076121340441351985
1507507200,8.1287,7.1287,0.016710235018949155
1507593600,8.3378,7.3378,0.025723670451609653
1507680000,8.3078,7.3078,-0.003598071433711454
1507766400,8.3669,7.366899999999999,0.007113796673005975
1507852800,9.1806,8.1806,0.09725226786503972
1507939200,9.4558,8.4558,0.029976254275319685
1508025600,9.7496,8.7496,0.03107087713361103
1508112000,9.5046,8.5046,-0.025129236071223356
1508198400,9.6389,8.6389,0.014130000210424388
1508284800,9.3092,8.3092,-0.03420514789031933
1508371200,9.2925,8.2925,-0.001793924289949744
1508457600,9.4971,8.4971,0.022017756255044308
1508544000,10.1138,9.1138,0.06493561192363984
1508630400,10.1158,9.1158,0.0001977496094445874
1508716800,10.0462,9.0462,-0.0068803258269241625
1508803200,9.7551,8.7551,-0.02897613027811512
1508889600,8.985,7.984999999999999,-0.07894332195466998
1508976000,9.4952,8.4952,0.056783528102393004
1509062400,9.8807,8.8807,0.040599460780183526
1509148800,9.5467,8.5467,-0.03380327304745612
1509235200,9.5467,8.5467,0.0
1509321600,9.5463,8.5463,-4.189929504426323e-05
1509408000,9.5441,8.5441,-0.0002304557786786715
1509494400,9.5783,8.5783,0.0035833656395050585
1509580800,10.3384,9.3384,0.07935646200265177
1509667200,11.0382,10.0382,0.06768939100827978
1509753600,11.3532,10.3532,0.028537261510028764
1509840000,12.0188,11.0188,0.05862664270866375
1509926400,11.9751,10.9751,-0.0036359703131761223
1510012800,10.7536,9.7536,-0.10200332356305992
1510099200,10.767,9.767,0.0012460943312006183
1510185600,10.8253,9.8253,0.005414693043559108
1510272000,10.7458,9.7458,-0.00734390732820349
1510358400,10.5352,9.5352,-0.01959835470602463
1510444800,10.5352,9.5352,0.0
1510531200,10.5352,9.5352,0.0
1510617600,10.5352,9.5352,0.0
1510704000,10.5348,9.5348,-3.796795504585274e-05
1510790400,10.5883,9.5883,0.00507840680411585
1510876800,10.6725,9.6725,0.007952173625605543
1510963200,10.6146,9.6146,-0.00542515811665496
1511049600,10.9148,9.9148,0.028281800538880436
1511136000,11.5186,10.5186,0.05531938285630517
1511222400,11.9575,10.9575,0.038103588977827195
1511308800,11.5958,10.5958,-0.03024879782563237
1511395200,11.9055,10.9055,0.026707945980441142
1511481600,11.2951,10.2951,-0.05127042123388352
1511568000,11.8905,10.8905,0.052713123389788466
1511654400,13.4336,12.4336,0.12977587149404995
1511740800,15.0951,14.0951,0.12368240828966176
1511827200,16.3119,15.311900000000001,0.08060893932468158
1511913600,16.8773,15.877300000000002,0.034661811315665265
1512000000,16.6629,15.6629,-0.012703453751488758
1512086400,16.9524,15.9524,0.01737392650739069
1512172800,19.9221,18.9221,0.17517873575422946
1512259200,19.9475,18.9475,0.0012749659925410071
1512345600,20.2218,19.2218,0.013751096628650216
1512432000,20.6542,19.6542,0.021382864037820453
1512518400,20.6945,19.6945,0.0019511770003196446
1512604800,22.486,21.486,0.08656889511706005
1512691200,25.9162,24.9162,0.15254825224584181
1512777600,24.8583,23.8583,-0.040820027627507124
1512864000,23.6646,22.6646,-0.04802017837100686
1512950400,23.6646,22.6646,0.0
1513036800,23.6646,22.6646,0.0
1513123200,23.6646,22.6646,0.0
1513209600,23.6646,22.6646,0.0
1513296000,23.6646,22.6646,0.0
1513382400,23.6646,22.6646,0.0
1513468800,23.6646,22.6646,0.0
1513555200,23.6646,22.6646,0.0
1513641600,23.6646,22.6646,0.0
1513728000,23.6646,22.6646,0.0
1513814400,23.6646,22.6646,0.0
1513900800,23.6398,22.6398,-0.0010479788375885942
1513987200,23.6398,22.6398,0.0
1514073600,23.6398,22.6398,0.0
1514160000,23.6398,22.6398,0.0
1514246400,23.6398,22.6398,0.0
1514332800,23.6389,22.6389,-3.807138808287106e-05
1514419200,23.6041,22.6041,-0.0014721497193186065
1514505600,23.4645,22.4645,-0.005914226765688925
1514592000,23.4645,22.4645,0.0
1514678400,23.4645,22.4645,0.0
1514764800,23.4637,22.4637,-3.409405697976467e-05
1514851200,23.429,22.429,-0.001478880142518053
1514937600,23.6548,22.6548,0.009637628579965134
1515024000,23.7477,22.7477,0.003927321304766755
1515110400,23.7564,22.7564,0.0003663512677017581
1515196800,24.4542,23.4542,0.029373137344042063
1515283200,24.6071,23.6071,0.006252504682222233
1515369600,24.0605,23.0605,-0.02221310109683782
1515456000,23.247,22.247,-0.03381060243968335
1515542400,23.247,22.247,0.0
1515628800,23.247,22.247,0.0
1515715200,23.247,22.247,0.0
1515801600,23.247,22.247,0.0
1515888000,23.2461,22.2461,-3.8714672861076924e-05
1515974400,23.1956,22.1956,-0.0021724074145770492
1516060800,23.1948,22.1948,-3.448929969468932e-05
1516147200,23.4089,22.4089,0.009230517184886199
1516233600,23.4323,22.4323,0.0009996198027247033
1516320000,23.4182,22.4182,-0.0006017335046070025
1516406400,23.2932,22.2932,-0.005337728775055299
1516492800,22.6587,21.6587,-0.02723970944309924
1516579200,23.3987,22.3987,0.032658537338858894
1516665600,23.9587,22.9587,0.023932953540153883
1516752000,23.9261,22.9261,-0.0013606748279330109
1516838400,23.3842,22.3842,-0.0226489064243651
1516924800,23.6792,22.6792,0.012615355667502062
1517011200,23.6865,22.6865,0.0003082874421431973
1517097600,23.3147,22.3147,-0.01569670487408441
1517184000,22.988,21.988,-0.01401261864832054
1517270400,23.7444,22.7444,0.03290412389072556
1517356800,25.5616,24.5616,0.07653172958676571
1517443200,25.3293,24.3293,-0.00908785052578863
1517529600,27.4253,26.4253,0.08275001677898719
1517616000,27.8288,26.8288,0.01471269229507065
1517702400,26.9161,25.9161,-0.032796958546541743
1517788800,29.4172,28.4172,0.09292208009332707
1517875200,32.5562,31.556199999999997,0.10670628067933031
1517961600,32.5562,31.556199999999997,0.0
1518048000,32.5562,31.556199999999997,0.0
1518134400,32.5562,31.556199999999997,0.0
1518220800,32.5562,31.556199999999997,0.0
1518307200,32.5562,31.556199999999997,0.0
1518393600,32.5562,31.556199999999997,0.0
1518480000,32.4867,31.4867,-0.0021347700284430585
1518566400,32.4112,31.4112,-0.0023240279868376327
1518652800,32.7705,31.7705,0.011085674087969514
1518739200,33.068,32.068,0.009078286873865197
1518825600,33.1933,32.1933,0.0037891617273497903
1518912000,34.0316,33.0316,0.02525509666107307
1518998400,33.2671,32.2671,-0.022464415425663155
1519084800,34.185,33.185,0.02759182495618804
1519171200,34.2469,33.2469,0.0018107357027934558
1519257600,33.0998,32.0998,-0.03349500246737646
1519344000,32.0624,31.062399999999997,-0.031341579103197154
1519430400,32.6101,31.610100000000003,0.017082314486751026
1519516800,31.7236,30.7236,-0.027184829240020778
1519603200,31.5085,30.5085,-0.006780441059652738
1519689600,33.2196,32.2196,0.05430598092578187
1519776000,33.7577,32.7577,0.01619826849209503
1519862400,33.189,32.189,-0.01684652686646305
1519948800,34.9021,33.9021,0.05161649944258631
1520035200,35.2339,34.2339,0.009506591293933638
1520121600,36.5913,35.5913,0.03852539741555713
1520208000,36.6983,35.6983,0.002924192362665618
1520294400,36.1379,35.1379,-0.015270462119498758
1520380800,33.9411,32.9411,-0.06078936518170683
1520467200,30.8152,29.8152,-0.09209778115617932
1520553600,28.3705,27.3705,-0.07933422466834553
1520640000,27.9698,26.9698,-0.014123825804973494
1520726400,28.5617,27.5617,0.021162110562106234
1520812800,27.41,26.41,-0.04032323005983531
1520899200,28.1634,27.1634,0.027486318861729267
1520985600,28.0881,27.0881,-0.0026736828649949434
1521072000,29.9634,28.9634,0.06676492892007645
1521158400,29.8319,28.8319,-0.0043886875321224915
1521244800,29.8308,28.8308,-3.6873279945326615e-05
1521331200,30.8477,29.8477,0.03408892822183782
1521417600,29.9177,28.9177,-0.030148114770307016
1521504000,28.7454,27.7454,-0.03918416188410205
1521590400,27.7926,26.7926,-0.03314617295288985
1521676800,27.7854,26.7854,-0.0002590617646424222
1521763200,28.3844,27.3844,0.021558084461623737
1521849600,27.737,26.737,-0.022808303152435885
1521936000,28.8612,27.8612,0.040530699066229296
1522022400,29.0335,28.0335,0.005969952739317835
1522108800,29.7355,28.7355,0.024178965677579285
1522195200,30.5235,29.5235,0.026500311075986625
1522281600,30.2343,29.2343,-0.009474667059806296
1522368000,31.7735,30.7735,0.05090906685453268
1522454400,32.1866,31.1866,0.013001400538184337
1522540800,32.0502,31.050199999999997,-0.004237788396413472
1522627200,32.1642,31.1642,0.003556920081622091
1522713600,31.9618,30.9618,-0.006292710529097593
1522800000,31.726,30.726,-0.0073775569586193865
1522886400,31.9959,30.9959,0.008507218054592442
1522972800,31.9966,30.9966,2.1877803093581407e-05
1523059200,31.9883,30.9883,-0.00025940256152222335
1523145600,32.0703,31.070300000000003,0.0025634372567471322
1523232000,32.1282,31.1282,0.0018054087426683412
1523318400,31.9385,30.9385,-0.0059044702161963145
1523404800,31.9646,30.9646,0.0008171955476932093
1523491200,32.5025,31.502499999999998,0.01682799096500494
1523577600,37.5096,36.5096,0.1540527651719099
1523664000,37.4165,36.4165,-0.002482031266662394
1523750400,38.0488,37.0488,0.016898961688025356
1523836800,40.0019,39.0019,0.05133144803515483
1523923200,39.2779,38.2779,-0.0180991402908361
1524009600,38.9004,37.9004,-0.009611002624885873
1524096000,39.5896,38.5896,0.017717041470010582
1524182400,39.8029,38.8029,0.005387778608523548
1524268800,41.1957,40.1957,0.034992425175050086
1524355200,41.3791,40.3791,0.004451920952914962
1524441600,41.0831,40.0831,-0.007153369696295941
1524528000,41.4259,40.4259,0.00834406361739978
1524614400,43.1806,42.1806,0.04235755891845439
1524700800,41.1945,40.1945,-0.04599519228542449
1524787200,42.2529,41.2529,0.025692750245785212
1524873600,41.3899,40.3899,-0.020424633575446882
1524960000,42.386,41.386,0.024066257710214464
1525046400,42.5226,41.5226,0.003222762232812586
1525132800,42.1618,41.1618,-0.008484899794462182
1525219200,41.7207,40.7207,-0.01046207704604639
1525305600,42.0803,41.0803,0.008619222592142518
1525392000,43.3401,42.3401,0.029937999491448455
1525478400,43.1998,42.1998,-0.0032371868085213536
1525564800,43.5486,42.5486,0.008074111454219627
1525651200,43.002,42.002,-0.01255149419269501
1525737600,42.4243,41.4243,-0.013434258871680389
1525824000,42.0192,41.0192,-0.00954877275523708
1525910400,42.2271,41.2271,0.0049477381768335
1525996800,42.2271,41.2271,0.0
1526083200,42.2271,41.2271,0.0
1526169600,42.2271,41.2271,0.0
1526256000,42.2271,41.2271,0.0
1526342400,42.2271,41.2271,0.0
1526428800,42.2271,41.2271,0.0
1526515200,42.2271,41.2271,0.0
1526601600,42.2255,41.2255,-3.789035950854727e-05
1526688000,42.1781,41.1781,-0.0011225444340504224
1526774400,42.1781,41.1781,0.0
1526860800,41.9504,40.9504,-0.005398536207178575
1526947200,42.0763,41.0763,0.003001163278538499
1527033600,42.595,41.595,0.012327604851186903
1527120000,43.338,42.338,0.01744336189693631
1527206400,43.2229,42.2229,-0.0026558678296183073
1527292800,43.4403,42.4403,0.0050297411788657815
1527379200,43.7793,42.7793,0.007803813509575179
1527465600,43.7411,42.7411,-0.0008725584922553864
1527552000,44.4169,43.4169,0.01545000011430886
1527638400,43.2279,42.2279,-0.02676909014361651
1527724800,43.5768,42.5768,0.008071176254224712
1527811200,43.1308,42.1308,-0.010234803840575672
1527897600,43.0133,42.0133,-0.0027242712864124874
1527984000,42.4798,41.4798,-0.012403140424008472
1528070400,42.1039,41.1039,-0.00884891171803997
1528156800,43.2059,42.2059,0.02617334736212077
1528243200,42.3574,41.3574,-0.01963852159080129
1528329600,42.3654,41.3654,0.00018886900517979554
1528416000,42.3816,41.3816,0.0003823875143394792
1528502400,42.3268,41.3268,-0.0012930139494497655
1528588800,42.1775,41.1775,-0.0035273160267253055
1528675200,41.1655,40.1655,-0.02399383557584021
1528761600,41.3124,40.3124,0.0035685221848391286
1528848000,42.1686,41.1686,0.020725012344961834
1528934400,42.9451,41.9451,0.018414175476539386
1529020800,41.8167,40.8167,-0.026275407438799754
1529107200,42.6865,41.6865,0.020800302271580615
1529193600,42.3083,41.3083,-0.008859944010401407
1529280000,42.505,41.505,0.004649205947769111
1529366400,41.2671,40.2671,-0.02912363251382198
1529452800,41.1402,40.1402,-0.003075088872249301
1529539200,41.04,40.04,-0.0024355739641518746
1529625600,41.1794,40.1794,0.0033966861598441027
1529712000,36.8442,35.8442,-0.10527593894034397
1529798400,36.5234,35.5234,-0.00870693352006553
1529884800,36.5676,35.5676,0.0012101830607226178
1529971200,36.2273,35.2273,-0.009306052352355614
1530057600,36.871,35.871,0.017768368053926255
1530144000,36.653,35.653,-0.005912505763337135
1530230400,37.8574,36.8574,0.03285952036668212
1530316800,36.2091,35.2091,-0.04353970425861256
1530403200,35.273,34.273,-0.025852617159774646
1530489600,35.0539,34.0539,-0.0062115499106966945
1530576000,36.6593,35.6593,0.045798042443208974
1530662400,35.9929,34.9929,-0.018178197619703677
1530748800,36.5,35.5,0.014088889753256926
1530835200,36.1143,35.1143,-0.010567123287671232
1530921600,36.6389,35.6389,0.014526101848852103
1531008000,37.8122,36.8122,0.032023341312102646
1531094400,37.38,36.38,-0.01143017333030066
1531180800,37.1131,36.1131,-0.007140181915462806
1531267200,34.0803,33.0803,-0.08171777620301192
1531353600,34.6569,33.6569,0.016918865150834912
1531440000,33.5444,32.5444,-0.032100389821363054
1531526400,33.2339,32.2339,-0.009256388547716002
1531612800,33.5422,32.5422,0.009276672313511284
1531699200,34.5439,33.5439,0.0298638729719577
1531785600,38.3116,37.3116,0.10906990814586649
1531872000,44.432,43.432,0.1597531818039446
1531958400,44.6242,43.6242,0.004325711199135751
1532044800,44.8747,43.8747,0.005613546013149709
1532131200,44.4693,43.4693,-0.009034043681629075
1532217600,44.6758,43.6758,0.004643653037039159
1532304000,44.647,43.647,-0.0006446443040752248
1532390400,45.6445,44.6445,0.02234192666920515
1532476800,47.6822,46.6822,0.044642837581745906
1532563200,47.0323,46.0323,-0.0136298241272425
1532649600,46.258,45.258,-0.016463154045198655
1532736000,47.0718,46.0718,0.017592632625707996
1532822400,47.1918,46.1918,0.0025492970313435526
1532908800,47.1599,46.1599,-0.0006759648922058548
1532995200,47.0247,46.0247,-0.002866842380921027
1533081600,45.6658,44.6658,-0.02889757935723153
1533168000,45.2938,44.2938,-0.008146139999737219
1533254400,45.0964,44.0964,-0.004358212382268538
1533340800,44.6357,43.6357,-0.010215893064634931
1533427200,44.6357,43.6357,0.0
1533513600,44.6357,43.6357,0.0
1533600000,44.6357,43.6357,0.0
1533686400,44.6357,43.6357,0.0
1533772800,44.634,43.634,-3.808610596449906e-05
1533859200,44.539,43.539,-0.002128422278980124
1533945600,44.815,43.815,0.0061968162733783035
1534032000,44.7039,43.7039,-0.0024790806649559395
1534118400,44.6063,43.6063,-0.002183254704846779
1534204800,44.7165,43.7165,0.0024705030455340633
1534291200,44.8259,43.8259,0.0024465242136570108
1534377600,44.6419,43.6419,-0.004104769787109629
1534464000,44.5289,43.5289,-0.0025312542700915404
1534550400,43.6509,42.6509,-0.019717531760272546
1534636800,44.3043,43.3043,0.0149687635306488
1534723200,43.9398,42.9398,-0.008227192394417689
1534809600,44.9297,43.9297,0.02252855042580983
1534896000,43.9447,42.9447,-0.021923137701787446
1534982400,44.5126,43.5126,0.012923060118740181
1535068800,43.6142,42.6142,-0.020183049293907844
1535155200,42.5425,41.5425,-0.024572272333322633
1535241600,42.5543,41.5543,0.0002773696891344167
1535328000,42.5362,41.5362,-0.00042533891992106314
1535414400,42.7297,41.7297,0.004549066442230388
1535500800,42.9435,41.9435,0.0050035455432637975
1535587200,42.873,41.873,-0.0016416919906389249
1535673600,42.7674,41.7674,-0.002463088657196732
1535760000,42.853,41.853,0.0020015245256901158
1535846400,43.2977,42.2977,0.010377336475859273
1535932800,43.5706,42.5706,0.006302875210461524
1536019200,43.4594,42.4594,-0.0025521796807938526
1536105600,43.7812,42.7812,0.0074046121207378855
1536192000,41.3261,40.3261,-0.05607658081550989
1536278400,40.5142,39.5142,-0.019646180016986706
1536364800,40.0476,39.0476,-0.011516949612728368
1536451200,40.0461,39.0461,-3.745542804063306e-05
1536537600,40.0253,39.0253,-0.0005194013898981738
1536624000,39.985,38.985,-0.0010068631590519495
1536710400,40.0042,39.0042,0.0004801800675252691
1536796800,39.9469,38.9469,-0.001432349603291602
1536883200,39.6807,38.6807,-0.006663846255904658
1536969600,39.6973,38.6973,0.0004183393942142361
1537056000,39.6127,38.6127,-0.002131127305887347
1537142400,39.668,38.668,0.0013960169339631626
1537228800,40.3636,39.3636,0.017535545023696655
1537315200,40.1048,39.1048,-0.006411717488033793
1537401600,39.9087,38.9087,-0.004889689014781128
1537488000,39.5375,38.5375,-0.00930123005760653
1537574400,38.3328,37.3328,-0.03046980714511546
1537660800,38.3206,37.3206,-0.0003182652976041403
1537747200,38.3158,37.3158,-0.00012525899907610838
1537833600,38.2075,37.2075,-0.00282651021249719
1537920000,38.0342,37.0342,-0.004535758686121957
1538006400,38.0668,37.0668,0.0008571233258488988
1538092800,38.4723,37.4723,0.010652326962077097
1538179200,38.3376,37.3376,-0.003501220358543554
1538265600,38.2466,37.2466,-0.002373648846041512
1538352000,38.2897,37.2897,0.0011268975542924752
1538438400,38.2083,37.2083,-0.0021258980874752772
1538524800,37.9875,36.9875,-0.00577884909823269
1538611200,37.8549,36.8549,-0.003490621915103561
1538697600,38.1874,37.1874,0.008783539251193268
1538784000,38.3046,37.3046,0.0030690751399677376
1538870400,38.1717,37.1717,-0.0034695571811218327
1538956800,38.2591,37.2591,0.002289654377457521
1539043200,38.4389,37.4389,0.004699535535336696
1539129600,38.3507,37.3507,-0.0022945505724667825
1539216000,38.0107,37.0107,-0.008865548738354278
1539302400,35.7551,34.7551,-0.059341185508291115
1539388800,35.6806,34.6806,-0.002083618840389216
1539475200,35.6473,34.6473,-0.0009332802699505334
1539561600,35.6843,34.6843,0.0010379467729673504
1539648000,34.7951,33.7951,-0.024918521590727643
1539734400,34.7205,33.7205,-0.002143980043166902
1539820800,34.7898,33.7898,0.001995938998574282
1539907200,34.9783,33.9783,0.005418254775825031
1539993600,35.0251,34.0251,0.0013379724000310083
1540080000,34.841,33.841,-0.005256230531818633
1540166400,34.8711,33.8711,0.0008639246864325751
1540252800,34.8668,33.8668,-0.00012331128068803786
1540339200,34.7559,33.7559,-0.0031806761733224986
1540425600,34.869,33.869,0.0032541237602825095
1540512000,34.7384,33.7384,-0.0037454472454042606
1540598400,34.8291,33.8291,0.0026109435092001427
1540684800,34.8314,33.8314,6.6036733651036e-05
1540771200,34.8377,33.8377,0.00018087128280792547
1540857600,33.7195,32.7195,-0.03209741171202467
1540944000,33.6839,32.6839,-0.0010557689170953067
1541030400,33.5981,32.5981,-0.002547210982101211
1541116800,33.5163,32.5163,-0.002434661483833943
1541203200,33.4885,32.4885,-0.0008294471645139577
1541289600,33.478,32.478,-0.0003135404691162757
1541376000,34.0046,33.0046,0.01572973295895818
1541462400,33.8665,32.8665,-0.00406121524734893
1541548800,34.1483,33.1483,0.008320907091078113
1541635200,34.5281,33.5281,0.011122076355192002
1541721600,33.8883,32.8883,-0.018529835119801004
1541808000,33.3671,32.3671,-0.015379939389110706
1541894400,33.4732,32.4732,0.0031797788839904536
1541980800,33.5276,32.5276,0.0016251807416082452
1542067200,33.3453,32.3453,-0.005437311349455312
1542153600,32.5614,31.5614,-0.023508560426806855
1542240000,34.1148,33.1148,0.04770679393392187
1542326400,34.1267,33.1267,0.0003488222120603707
1542412800,34.3324,33.3324,0.0060275385548558815
1542499200,34.3621,33.3621,0.0008650720602112955
1542585600,34.1658,33.1658,-0.005712689271028279
1542672000,37.3256,36.3256,0.09248429716265986
1542758400,39.0133,38.0133,0.04521561609190474
1542844800,38.1202,37.1202,-0.022892193175148064
1542931200,39.5145,38.5145,0.03657640830845592
1543017600,39.4202,38.4202,-0.002386465727770741
1543104000,42.5194,41.5194,0.07861959097112638
1543190400,42.5194,41.5194,0.0
1543276800,42.5194,41.5194,0.0
1543363200,42.5194,41.5194,0.0
1543449600,42.5194,41.5194,0.0
1543536000,42.5194,41.5194,0.0
1543622400,42.5194,41.5194,0.0
1543708800,42.5194,41.5194,0.0
1543795200,42.5194,41.5194,0.0
1543881600,42.5194,41.5194,0.0
1543968000,42.5194,41.5194,0.0
1544054400,42.5194,41.5194,0.0
1544140800,42.5194,41.5194,0.0
1544227200,42.5194,41.5194,0.0
1544313600,42.5194,41.5194,0.0
1544400000,42.5194,41.5194,0.0
1544486400,42.4859,41.4859,-0.0007878756520552156
1544572800,41.6714,40.6714,-0.01917106616548084
1544659200,42.8727,41.8727,0.028827925147703302
1544745600,40.3703,39.3703,-0.05836814569644556
1544832000,39.3992,38.3992,-0.024054812572609066
1544918400,39.2406,38.2406,-0.004025462445937985
1545004800,39.3454,38.3454,0.0026707033021920496
1545091200,44.5602,43.5602,0.1325390007472285
1545177600,47.556,46.556,0.067230398427296
1545264000,47.8292,46.8292,0.005744806123307317
1545350400,55.0889,54.0889,0.15178384752410665
1545436800,53.5366,52.5366,-0.028178090323095983
1545523200,54.4847,53.4847,0.017709380124998536
1545609600,54.2341,53.2341,-0.004599456361143562
1545696000,54.8402,53.8402,0.011175625667246345
1545782400,53.1032,52.1032,-0.031673845099033225
1545868800,53.303,52.303,0.0037624851233069986
1545955200,51.8233,50.8233,-0.02776016359304343
1546041600,53.865,52.865,0.039397336719197706
1546128000,52.663,51.663,-0.022315046876450483
1546214400,53.4655,52.4655,0.015238402673603896
1546300800,52.5344,51.5344,-0.01741496853110886
1546387200,53.4215,52.4215,0.016886078455259863
1546473600,53.8549,52.8549,0.00811283846391432
1546560000,53.1506,52.1506,-0.013077732945377365
1546646400,53.3741,52.3741,0.00420503249257772
1546732800,53.2217,52.2217,-0.0028553174667113844
1546819200,54.8774,53.8774,0.031109491053461336
1546905600,54.6472,53.6472,-0.004194805147474252
1546992000,54.5829,53.5829,-0.0011766385102987126
1547078400,54.6201,53.6201,0.0006815321281939686
1547164800,52.0536,51.0536,-0.04698819665288049
1547251200,52.1179,51.1179,0.0012352651881905536
1547337600,51.9926,50.9926,-0.00240416440416816
1547424000,51.2731,50.2731,-0.013838507787646772
1547510400,50.286,49.286,-0.019251810403505897
1547596800,50.9273,49.9273,0.012753052539474228
1547683200,50.6619,49.6619,-0.005211350297384696
1547769600,50.4034,49.4034,-0.0051024537176853815
1547856000,50.6929,49.6929,0.005743660149910599
1547942400,49.9275,48.9275,-0.01509876136500377
1548028800,51.509,50.509,0.031675930098643
1548115200,51.5705,50.5705,0.0011939661030111696
1548201600,50.9737,49.9737,-0.011572507538224407
1548288000,51.3224,50.3224,0.006840782599654349
1548374400,51.0873,50.0873,-0.004580845790532063
1548460800,51.1628,50.1628,0.0014778624041591184
1548547200,51.2432,50.2432,0.0015714542597356764
1548633600,51.5921,50.5921,0.006808708277390959
1548720000,52.8102,51.8102,0.02361020388780452
1548806400,53.2334,52.2334,0.008013603432670229
1548892800,52.771,51.771,-0.008686275909485442
1548979200,52.9726,51.9726,0.0038202800780731674
1549065600,52.7693,51.7693,-0.0038378331439272136
1549152000,52.5286,51.5286,-0.004561364278093586
1549238400,52.9069,51.9069,0.0072017910243182374
1549324800,52.9561,51.9561,0.0009299354148513525
1549411200,52.8212,51.8212,-0.0025473930293205467
1549497600,53.151,52.151,0.006243705178981278
1549584000,53.1871,52.1871,0.0006791970047599778
1549670400,52.1452,51.1452,-0.01958933651204894
1549756800,52.1432,51.1432,-3.8354441060777296e-05
1549843200,52.4897,51.4897,0.006645161785237556
1549929600,51.544,50.544,-0.018016868071259736
1550016000,51.4816,50.4816,-0.0012106161725903438
1550102400,51.2904,50.2904,-0.0037139482844356438
1550188800,50.9696,49.9696,-0.006254581754090403
1550275200,51.0651,50.0651,0.0018736658714214208
1550361600,51.3564,50.3564,0.005704483100982856
1550448000,52.2766,51.2766,0.017917922595820604
1550534400,57.5651,56.5651,0.10116380942907532
1550620800,58.0226,57.0226,0.007947523760055936
1550707200,59.1906,58.1906,0.020130087241867933
1550793600,58.2075,57.2075,-0.016609056167702307
1550880000,59.2173,58.2173,0.01734827986084265
1550966400,63.6152,62.6152,0.0742671482826809
1551052800,53.706,52.706,-0.15576780392107545
1551139200,55.9902,54.9902,0.04253156071947265
1551225600,55.402,54.402,-0.010505409875299614
1551312000,55.4284,54.4284,0.0004765170932457749
1551398400,55.0631,54.0631,-0.006590484300466996
1551484800,55.4627,54.4627,0.007257128639687913
1551571200,55.6276,54.6276,0.002973169355260435
1551657600,54.8847,53.8847,-0.013354881389813668
1551744000,54.8847,53.8847,0.0
1551830400,54.8826,53.8826,-3.8262029308819464e-05
1551916800,54.8824,53.8824,-3.644142223574209e-06
1552003200,54.8874,53.8874,9.110388758513764e-05
1552089600,54.8464,53.8464,-0.0007469838250672617
1552176000,54.8443,53.8443,-3.828874821329684e-05
1552262400,54.8293,53.8293,-0.00027350153069678095
1552348800,54.7481,53.7481,-0.0014809599976655292
1552435200,54.7481,53.7481,0.0
1552521600,54.7481,53.7481,0.0
1552608000,54.7481,53.7481,0.0
1552694400,54.7461,53.7461,-3.653094810600631e-05
1552780800,54.7372,53.7372,-0.00016256865785867891
1552867200,54.1905,53.1905,-0.009987723157194765
1552953600,54.3521,53.3521,0.002982072503483082
1553040000,55.0242,54.0242,0.01236566756390278
1553126400,55.8269,54.8269,0.014588126678806808
1553212800,54.2847,53.2847,-0.027624675559631665
1553299200,54.5965,53.5965,0.0057437915287364225
1553385600,54.5541,53.5541,-0.0007766065590285213
1553472000,54.1282,53.1282,-0.007806929268377604
1553558400,52.3035,51.3035,-0.033710709020436665
1553644800,52.3035,51.3035,0.0
1553731200,52.3016,51.3016,-3.632644086914116e-05
1553817600,52.2889,51.2889,-0.00024282239931478915
1553904000,52.3172,51.3172,0.0005412238543936006
1553990400,52.3576,51.3576,0.0007722125801839206
1554076800,52.421,51.421,0.0012109034791510966
1554163200,53.3503,52.3503,0.01772762824059056
1554249600,71.0085,70.0085,0.3309859550930361
1554336000,72.9463,71.9463,0.027289690670835122
1554422400,71.2501,70.2501,-0.023252721522544536
1554508800,74.5345,73.5345,0.04609677740803158
1554595200,74.6098,73.6098,0.0010102704116887187
1554681600,78.5948,77.5948,0.05341121407643499
1554768000,81.165,80.165,0.03270190903214971
1554854400,78.2906,77.2906,-0.03541427955399505
1554940800,82.2849,81.2849,0.051018896265962906
1555027200,73.6328,72.6328,-0.10514808913907644
1555113600,73.6599,72.6599,0.00036804250279753224
1555200000,73.6414,72.6414,-0.0002511542915478959
1555286400,73.8675,72.8675,0.003070283834908114
1555372800,73.4244,72.4244,-0.005998578535891984
1555459200,74.145,73.145,0.009814176213901514
1555545600,74.2607,73.2607,0.0015604558635107413
1555632000,74.5476,73.5476,0.003863416315763288
1555718400,74.4813,73.4813,-0.0008893646475540225
1555804800,74.4813,73.4813,0.0
1555891200,74.4813,73.4813,0.0
1555977600,74.4813,73.4813,0.0
1556064000,74.4785,73.4785,-3.759332879538468e-05
1556150400,74.4132,73.4132,-0.0008767630927045185
1556236800,74.4132,73.4132,0.0
1556323200,74.4132,73.4132,0.0
1556409600,74.4132,73.4132,0.0
1556496000,74.4132,73.4132,0.0
1556582400,74.4132,73.4132,0.0
1556668800,74.4104,73.4104,-3.762773271419164e-05
1556755200,74.4452,73.4452,0.00046767656134094377
1556841600,74.5382,73.5382,0.0012492410524789178
1556928000,75.1083,74.1083,0.007648427249383491
1557014400,75.4139,74.4139,0.004068791331983261
1557100800,75.1114,74.1114,-0.004011196874846612
1557187200,74.4354,73.4354,-0.008999965384748546
1557273600,75.6298,74.6298,0.016046128589354013
1557360000,80.2574,79.2574,0.061187521320960794
1557446400,85.0206,84.0206,0.05934904444948375
1557532800,89.935,88.935,0.0578024619915644
1557619200,111.9437,110.9437,0.2447178517818425
1557705600,105.6612,104.6612,-0.056121961307335856
1557792000,128.0596,127.05959999999999,0.21198320670217635
1557878400,129.4358,128.4358,0.010746558633636303
1557964800,131.1216,130.1216,0.013024217411257167
1558051200,128.511,127.511,-0.01990976315115134
1558137600,124.1532,123.1532,-0.033909937670705215
1558224000,123.388,122.388,-0.006163353018689756
1558310400,131.1461,130.1461,0.06287564430900885
1558396800,129.534,128.534,-0.012292397562718207
1558483200,129.1207,128.1207,-0.003190668087143086
1558569600,126.3791,125.3791,-0.02123284647620409
1558656000,128.4373,127.4373,0.016285920694165408
1558742400,129.4358,128.4358,0.007774221351585615
1558828800,130.0045,129.0045,0.004393683973058511
1558915200,135.594,134.594,0.042994665569268654
1559001600,135.8354,134.8354,0.0017803147631901023
1559088000,135.3567,134.3567,-0.0035241181606562315
1559174400,134.9025,133.9025,-0.0033555782609947346
1559260800,131.7026,130.7026,-0.023720094142065665
1559347200,133.7106,132.7106,0.015246471975496383
1559433600,133.7106,132.7106,0.0
1559520000,133.7106,132.7106,0.0
1559606400,133.7106,132.7106,0.0
1559692800,133.7106,132.7106,0.0
1559779200,133.7106,132.7106,0.0
1559865600,133.7106,132.7106,0.0
1559952000,133.7106,132.7106,0.0
1560038400,133.7106,132.7106,0.0
1560124800,133.7106,132.7106,0.0
1560211200,133.7055,132.7055,-3.814207699313871e-05
1560297600,133.6183,132.6183,-0.0006521796036811928
1560384000,134.0485,133.0485,0.003219618869570897
1560470400,134.1873,133.1873,0.0010354461258425373
1560556800,135.7107,134.7107,0.011352788229586627
1560643200,136.3795,135.3795,0.004928130206387591
1560729600,136.934,135.934,0.0040658603382472455
1560816000,138.7907,137.7907,0.013559086859362827
1560902400,132.3568,131.3568,-0.046356852440401226
1560988800,137.4626,136.4626,0.038576030849945125
1561075200,143.8264,142.8264,0.0462947739967089
1561161600,163.8565,162.8565,0.13926580933681162
1561248000,175.2355,174.2355,0.06944491063827184
1561334400,179.4776,178.4776,0.02420799438469941
1561420800,185.4227,184.4227,0.03312446790017248
1561507200,206.9425,205.9425,0.11605806624539501
1561593600,242.5272,241.5272,0.17195452843181075
1561680000,225.7419,224.7419,-0.06920996902615462
1561766400,225.7419,224.7419,0.0
1561852800,225.7419,224.7419,0.0
1561939200,225.7419,224.7419,0.0
1562025600,225.7419,224.7419,0.0
1562112000,225.7419,224.7419,0.0
1562198400,225.7419,224.7419,0.0
1562284800,225.5049,224.5049,-0.0010498715568531796
1562371200,225.5049,224.5049,0.0
1562457600,225.5049,224.5049,0.0
1562544000,225.5049,224.5049,0.0
1562630400,225.4965,224.4965,-3.7249744905741e-05
1562716800,225.7392,224.7392,0.0010762916497595904
1562803200,224.8491,223.8491,-0.003943045780263322
1562889600,224.8491,223.8491,0.0
1562976000,224.8491,223.8491,0.0
1563062400,224.8491,223.8491,0.0
1563148800,224.8491,223.8491,0.0
1563235200,224.8491,223.8491,0.0
1563321600,224.8491,223.8491,0.0
1563408000,224.8491,223.8491,0.0
1563494400,224.8406,223.8406,-3.7803131077678114e-05
1563580800,224.7012,223.7012,-0.0006199947874182637
1563667200,225.1983,224.1983,0.002212271229526095
1563753600,224.6536,223.6536,-0.002418757157580575
1563840000,223.4937,222.4937,-0.005163059928708116
1563926400,220.9078,219.9078,-0.011570348515416681
1564012800,220.6017,219.6017,-0.0013856459572727396
1564099200,220.8925,219.8925,0.0013182128696198562
1564185600,220.8348,219.8348,-0.0002612130334891913
1564272000,220.54,219.54,-0.0013349345302461808
1564358400,220.5018,219.5018,-0.0001732112088509528
1564444800,220.5389,219.5389,0.00016825259476344165
1564531200,220.2772,219.2772,-0.0011866387290406313
1564617600,218.2894,217.2894,-0.009024084199363316
1564704000,216.6103,215.6103,-0.007692082162487072
1564790400,215.9052,214.9052,-0.003255154533279292
1564876800,213.2247,212.2247,-0.012415171102872904
1564963200,213.3772,212.3772,0.0007152079472967953
1565049600,215.0017,214.0017,0.007613278269655858
1565136000,213.9959,212.9959,-0.004678102545235659
1565222400,215.9703,214.9703,0.009226344990721797
1565308800,216.1153,215.1153,0.0006713886122303937
1565395200,215.2882,214.2882,-0.003827123762176956
1565481600,211.4076,210.4076,-0.018025140253855005
1565568000,213.2801,212.2801,0.008857297467073096
1565654400,212.1276,211.1276,-0.005403692140054339
1565740800,207.0913,206.0913,-0.023741842174238578
1565827200,198.1088,197.1088,-0.043374588889055155
1565913600,198.1088,197.1088,0.0
1566000000,198.1088,197.1088,0.0
1566086400,198.1088,197.1088,0.0
1566172800,198.1014,197.1014,-3.735321197235993e-05
1566259200,197.5045,196.5045,-0.003013103390485908
1566345600,197.5051,196.5051,3.037905465402035e-06
1566432000,196.9335,195.9335,-0.002894102481404224
1566518400,196.9288,195.9288,-2.3865924284156403e-05
1566604800,196.5968,195.5968,-0.0016858885038653242
1566691200,197.1325,196.1325,0.0027248663253928414
1566777600,197.1266,196.1266,-2.9929108594457575e-05
1566864000,196.1847,195.1847,-0.004778147647248032
1566950400,197.1342,196.1342,0.0048398269589830425
1567036800,199.9415,198.9415,0.014240552882249747
1567123200,201.396,200.396,0.007274627828639857
1567209600,200.7266,199.7266,-0.003323799876859501
1567296000,200.4604,199.4604,-0.0013261819808635118
1567382400,198.7422,197.7422,-0.008571268938902626
1567468800,191.8255,190.8255,-0.03480237211825164
1567555200,188.921,187.921,-0.015141365459753853
1567641600,188.9763,187.9763,0.0002927149443419037
1567728000,188.9741,187.9741,-1.1641671468941814e-05
1567814400,188.4739,187.4739,-0.002646923573124606
1567900800,188.9597,187.9597,0.002577545219789116
1567987200,188.6258,187.6258,-0.00176704344894705
1568073600,188.2389,187.2389,-0.002051151009034804
1568160000,187.0594,186.0594,-0.006265973717440924
1568246400,187.4573,186.4573,0.00212713180946797
1568332800,189.4054,188.4054,0.010392233324602361
1568419200,188.8766,187.8766,-0.002791895056846266
1568505600,188.8147,187.8147,-0.00032772720389931046
1568592000,188.3053,187.3053,-0.002697883162698664
1568678400,187.7939,186.7939,-0.002715802476085275
1568764800,186.7944,185.7944,-0.0053223241010491385
1568851200,186.5118,185.5118,-0.0015128933201423713
1568937600,188.1475,187.1475,0.008769954501538316
1569024000,186.5708,185.5708,-0.008380127293745687
1569110400,183.1791,182.1791,-0.01817915772457419
1569196800,182.7549,181.7549,-0.002315766372910519
1569283200,185.8682,184.8682,0.01703538455056477
1569369600,197.5428,196.5428,0.06281117480020788
1569456000,198.7042,197.7042,0.0058792322473913815
1569542400,203.3858,202.3858,0.02356064944777213
1569628800,201.5242,200.5242,-0.00915304804956876
1569715200,201.247,200.247,-0.001375517183544177
1569801600,203.72,202.72,0.012288381938612673
1569888000,199.4216,198.4216,-0.021099548399764318
1569974400,199.1428,198.1428,-0.0013980431407631777
1570060800,197.8697,196.8697,-0.006392899969268282
1570147200,200.7588,199.7588,0.014601022794293483
1570233600,202.6758,201.6758,0.009548771959186853
1570320000,202.8572,201.8572,0.000895025454444963
1570406400,209.952,208.952,0.03497435634525169
1570492800,200.7192,199.7192,-0.043975765889346125
1570579200,201.4099,200.4099,0.003441125711939827
1570665600,191.4626,190.4626,-0.049388336918890205
1570752000,191.432,190.432,-0.00015982233605947612
1570838400,183.5559,182.5559,-0.04114306907935967
1570924800,184.5515,183.5515,0.005423960766175296
1571011200,183.8189,182.8189,-0.00396962365518563
1571097600,186.0536,185.0536,0.012157074163755605
1571184000,180.1541,179.1541,-0.03170860440217222
1571270400,175.2766,174.2766,-0.02707404383247452
1571356800,177.6352,176.6352,0.013456445412565028
1571443200,173.7167,172.7167,-0.022059254021725393
1571529600,174.0149,173.0149,0.001716587984920324
1571616000,183.6009,182.6009,0.055087236782597256
1571702400,182.5591,181.5591,-0.005674264123977578
1571788800,175.6008,174.6008,-0.03811532813209535
1571875200,154.288,153.288,-0.1213707454635741
1571961600,152.523,151.523,-0.011439645338587672
1572048000,203.8196,202.8196,0.33632042380493443
1572134400,229.1127,228.1127,0.12409552368859511
1572220800,241.1842,240.1842,0.05268804391899714
1572307200,236.982,235.982,-0.01742319770532234
1572393600,239.6584,238.6584,0.011293684752428458
1572480000,236.212,235.212,-0.014380468199737673
1572566400,236.0668,235.0668,-0.0006147020473133815
1572652800,237.3544,236.3544,0.0054543883341494764
1572739200,238.0867,237.0867,0.003085259847721421
1572825600,236.7232,235.7232,-0.005726905366826522
1572912000,239.5132,238.5132,0.01178591705417982
1572998400,238.1308,237.1308,-0.005771706945588043
1573084800,238.5096,237.5096,0.0015907224097009395
1573171200,236.8179,235.8179,-0.007092796264804424
1573257600,231.1622,230.1622,-0.023882062969057642
1573344000,231.6798,230.6798,0.002239120409824735
1573430400,234.615,233.615,0.012669209831845543
1573516800,230.2051,229.2051,-0.018796325895616313
1573603200,230.2051,229.2051,0.0
1573689600,230.2051,229.2051,0.0
1573776000,230.2051,229.2051,0.0
1573862400,230.2051,229.2051,0.0
1573948800,230.1965,229.1965,-3.735799076563149e-05
1574035200,230.1586,229.1586,-0.00016464194720588356
1574121600,231.0517,230.0517,0.0038803677116562405
1574208000,231.2513,230.2513,0.0008638759204107797
1574294400,231.4812,230.4812,0.0009941565733901383
1574380800,234.725,233.725,0.014013233040091347
1574467200,237.6003,236.6003,0.012249653850250336
1574553600,237.1142,236.1142,-0.002045872837702618
1574640000,242.0506,241.0506,0.020818660375464614
1574726400,239.0452,238.0452,-0.012416412105568046
1574812800,238.4804,237.4804,-0.0023627330730756823
1574899200,232.3056,231.3056,-0.025892274585248953
1574985600,234.1581,233.1581,0.007974409570841133
1575072000,227.6095,226.6095,-0.02796657472024241
1575158400,231.9324,230.9324,0.018992616740513925
1575244800,235.4324,234.4324,0.01509060398633395
1575331200,237.8811,236.8811,0.010400862413159797
1575417600,238.0316,237.0316,0.0006326690098540568
1575504000,240.9058,239.9058,0.012074867370550808
1575590400,234.9368,233.9368,-0.02477731959961111
1575676800,229.4805,228.4805,-0.023224543792202835
1575763200,229.4155,228.4155,-0.00028324846773472134
1575849600,229.4405,228.4405,0.00010897258467704781
1575936000,228.6056,227.6056,-0.0036388519027807918
1576022400,227.8918,226.8918,-0.003122408199974193
1576108800,227.7165,226.7165,-0.000769224693472924
1576195200,227.6191,226.6191,-0.0004277248245076368
1576281600,228.2128,227.2128,0.002608304839092959
1576368000,225.9283,224.9283,-0.010010393807884484
1576454400,226.5855,225.5855,0.0029088874656251072
1576540800,222.875,221.875,-0.016375716892740252
1576627200,218.0798,217.0798,-0.021515199102635982
1576713600,207.7281,206.7281,-0.04746748667230983
1576800000,203.5408,202.5408,-0.020157600247631503
1576886400,204.7268,203.7268,0.005826841596377763
1576972800,203.1909,202.1909,-0.007502193166698244
1577059200,215.8633,214.8633,0.062366966237169134
1577145600,208.7936,207.7936,-0.032750819615932916
1577232000,206.4399,205.4399,-0.011272855106669952
1577318400,204.3215,203.3215,-0.010261582184451787
1577404800,204.1325,203.1325,-0.0009250127862216799
1577491200,206.2939,205.2939,0.010588220885944251
1577577600,208.7056,207.7056,0.011690602582044336
1577664000,212.4292,211.4292,0.01784139955995433
1577750400,204.8982,203.8982,-0.03545181170950135
1577836800,202.2456,201.2456,-0.0129459409599499
1577923200,203.024,202.024,0.003848785832670797
1578009600,191.0099,190.0099,-0.05917576247143201
1578096000,211.5215,210.5215,0.10738500988692218
1578182400,212.0503,211.0503,0.0024999822713057053
1578268800,212.3455,211.3455,0.0013921225294186998
1578355200,235.3253,234.3253,0.108218916812459
1578441600,258.513,257.513,0.09853466669329639
1578528000,251.9636,250.9636,-0.025334896117409817
1578614400,237.2235,236.2235,-0.058500910448969656
1578700800,260.6818,259.6818,0.09888691466064706
1578787200,250.194,249.194,-0.04023219112343102
1578873600,259.4097,258.4097,0.03683421664788124
1578960000,254.8762,253.8762,-0.017476216193920178
1579046400,293.7717,292.7717,0.15260546100420516
1579132800,292.781,291.781,-0.003372346621543205
1579219200,287.9053,286.9053,-0.016653061503307916
1579305600,296.6683,295.6683,0.030437091640897116
1579392000,297.3786,296.3786,0.0023942564810598838
1579478400,287.6744,286.6744,-0.03263247590781588
1579564800,284.728,283.728,-0.01024213485801998
1579651200,288.654,287.654,0.013788598241128332
1579737600,286.1392,285.1392,-0.008712160579794424
1579824000,275.7669,274.7669,-0.03624914027857768
1579910400,276.9702,275.9702,0.0043634678418619345
1579996800,273.0365,272.0365,-0.014202610966811548
1580083200,273.0365,272.0365,0.0
1580169600,273.0263,272.0263,-3.7357642659488914e-05
1580256000,273.4359,272.4359,0.0015002217735068444
1580342400,268.3542,267.3542,-0.01858461160367023
1580428800,279.0204,278.0204,0.03974672280143185
1580515200,270.3126,269.3126,-0.031208470778480785
1580601600,272.5336,271.5336,0.008216413145373186
1580688000,269.4457,268.4457,-0.011330346056412827
1580774400,267.0493,266.0493,-0.008893814226762466
1580860800,259.7232,258.7232,-0.02743351134041541
1580947200,260.4188,259.4188,0.0026782359065341725
1581033600,260.8034,259.8034,0.0014768519016293545
1581120000,261.0217,260.0217,0.000837028965113182
1581206400,261.5525,260.5525,0.0020335474023807187
1581292800,263.4538,262.4538,0.007269286280956948
1581379200,260.7776,259.7776,-0.010158137783550642
1581465600,265.0079,264.0079,0.01622186874946314
1581552000,265.8729,264.8729,0.003264053637646308
1581638400,264.3111,263.3111,-0.005874235395935445
1581724800,266.1096,265.1096,0.0068044815370977224
1581811200,258.9661,257.9661,-0.026844202539104252
1581897600,258.9228,257.9228,-0.0001672033520989346
1581984000,258.9228,257.9228,0.0
1582070400,258.9131,257.9131,-3.746290400076535e-05
1582156800,258.135,257.135,-0.003005255431262439
1582243200,258.135,257.135,0.0
1582329600,258.135,257.135,0.0
1582416000,258.135,257.135,0.0
1582502400,258.1253,257.1253,-3.75772367172579e-05
1582588800,257.7109,256.7109,-0.0016054218629479582
1582675200,257.7109,256.7109,0.0
1582761600,257.7109,256.7109,0.0
1582848000,257.7109,256.7109,0.0
1582934400,257.7012,256.7012,-3.763907541361024e-05
1583020800,257.9679,256.9679,0.0010349195114342285
1583107200,257.9552,256.9552,-4.923093144532816e-05
1583193600,256.1995,255.1995,-0.0068062206150524985
1583280000,257.1549,256.1549,0.0037291251544206657
1583366400,257.1489,256.1489,-2.3332240606621947e-05
1583452800,254.3336,253.3336,-0.010948131607796245
1583539200,253.4119,252.4119,-0.0036239804728906725
1583625600,256.4468,255.4468,0.011976154237429234
1583712000,267.8376,266.8376,0.04441778957662959
1583798400,269.4738,268.4738,0.006108925707219501
1583884800,270.1027,269.1027,0.002333807590942215
1583971200,269.1863,268.1863,-0.003392783559734908
1584057600,340.9623,339.9623,0.2666406128395093
1584144000,340.9623,339.9623,0.0
1584230400,340.9623,339.9623,0.0
1584316800,340.9623,339.9623,0.0
1584403200,340.9623,339.9623,0.0
1584489600,340.9623,339.9623,0.0
1584576000,340.9623,339.9623,0.0
1584662400,340.9623,339.9623,0.0
1584748800,340.9623,339.9623,0.0
1584835200,340.9623,339.9623,0.0
1584921600,340.9623,339.9623,0.0
1585008000,340.2335,339.2335,-0.0021374797154994412
1585094400,340.9543,339.9543,0.002118545058026317
1585180800,340.532,339.532,-0.001238582414124142
1585267200,341.0968,340.0968,0.001658581278705059
1585353600,337.025,336.025,-0.011937373789493177
1585440000,335.5474,334.5474,-0.004384244492248336
1585526400,329.5778,328.5778,-0.017790631070304694
1585612800,339.5589,338.5589,0.03028450338584689
1585699200,339.9066,338.9066,0.0010239755164716097
1585785600,345.7748,344.7748,0.017264154329454037
1585872000,349.0416,348.0416,0.009447767737845525
1585958400,347.3599,346.3599,-0.0048180503412774715
1586044800,351.6773,350.6773,0.012429183679520926
1586131200,348.2644,347.2644,-0.009704635471211758
1586217600,368.9302,367.9302,0.059339398457034336
1586304000,363.2211,362.2211,-0.015474742918850327
1586390400,370.2995,369.2995,0.019487854642805842
1586476800,367.0475,366.0475,-0.008782080451094342
1586563200,347.2896,346.2896,-0.05382927277804645
1586649600,348.094,347.094,0.0023162225416482004
1586736000,349.152,348.152,0.0030394088952983758
1586822400,346.2524,345.2524,-0.008304692512143606
1586908800,347.1035,346.1035,0.002458033503883219
1586995200,331.8481,330.8481,-0.04395057958217076
1587081600,362.8466,361.8466,0.09341171457663924
1587168000,357.4726,356.4726,-0.014810666546138294
1587254400,373.2939,372.2939,0.044258776756596195
1587340800,363.9822,362.9822,-0.024944688354136057
1587427200,342.4419,341.4419,-0.05917954229629911
1587513600,343.6109,342.6109,0.00341371777227039
1587600000,366.1264,365.1264,0.06552615181881591
1587686400,395.3893,394.3893,0.07992567594142351
1587772800,396.344,395.344,0.002414582286369415
1587859200,399.6764,398.6764,0.008407847728236096
1587945600,414.041,413.041,0.03594057592592406
1588032000,421.9154,420.9154,0.019018406389705318
1588118400,418.4798,417.4798,-0.008142864659597553
1588204800,520.2762,519.2762,0.24325284039994285
1588291200,503.4952,502.4952,-0.03225402199831552
1588377600,524.679,523.679,0.04207348947914491
1588464000,540.4969,539.4969,0.030147766539160153
1588550400,532.4712,531.4712,-0.014848743813331823
1588636800,529.9153,528.9153,-0.00480007181609062
1588723200,546.1559,545.1559,0.030647539333172626
1588809600,561.3364,560.3364,0.027795177164615548
1588896000,663.7872,662.7872,0.18251230456460682
1588982400,656.9378,655.9378,-0.010318668392520896
1589068800,648.0154,647.0154,-0.013581803330543681
1589155200,621.1488,620.1488,-0.04145981715866621
1589241600,615.7755,614.7755,-0.008650584207842123
1589328000,623.3374,622.3374,0.012280287215064642
1589414400,623.3374,622.3374,0.0
1589500800,622.5658,621.5658,-0.0012378528867352334
1589587200,570.21,569.21,-0.08409681354163678
1589673600,569.7979,568.7979,-0.0007227161922800537
1589760000,569.7765,568.7765,-3.75571759740979e-05
1589846400,569.9025,568.9025,0.0002211393414785909
1589932800,570.2311,569.2311,0.0005765898552821537
1590019200,567.6422,566.6422,-0.004540089097209828
1590105600,567.6422,566.6422,0.0
1590192000,567.6422,566.6422,0.0
1590278400,567.6422,566.6422,0.0
1590364800,567.6422,566.6422,0.0
1590451200,567.6422,566.6422,0.0
1590537600,567.6422,566.6422,0.0
1590624000,567.6208,566.6208,-3.7699804559934835e-05
1590710400,568.7693,567.7693,0.0020233578473516345
1590796800,567.8061,566.8061,-0.0016934809948427752
1590883200,570.2833,569.2833,0.00436275693410134
1590969600,567.1729,566.1729,-0.005454131306317451
1591056000,579.2771,578.2771,0.021341287639095576
1591142400,565.9789,564.9789,-0.022956543595457277
1591228800,565.9572,564.9572,-3.834065192184695e-05
1591315200,566.3281,565.3281,0.000655349909851851
1591401600,565.1287,564.1287,-0.0021178535905245896
1591488000,565.1287,564.1287,0.0
1591574400,565.1069,564.1069,-3.857528382470174e-05
1591660800,565.1817,564.1817,0.00013236433672988597
1591747200,565.0501,564.0501,-0.00023284547252668458
1591833600,565.0284,564.0284,-3.8403674293677356e-05
1591920000,563.1324,562.1324,-0.0033555835423495026
1592006400,563.1324,562.1324,0.0
1592092800,563.1324,562.1324,0.0
1592179200,563.1324,562.1324,0.0
1592265600,563.1324,562.1324,0.0
1592352000,563.1107,562.1107,-3.853445477477379e-05
1592438400,562.876,561.876,-0.0004167919380682613
1592524800,562.3193,561.3193,-0.0009890277787647332
1592611200,562.3193,561.3193,0.0
1592697600,562.2976,561.2976,-3.8590174657013944e-05
1592784000,562.0359,561.0359,-0.0004654119099921802
1592870400,562.0142,561.0142,-3.8609633299242673e-05
1592956800,561.7892,560.7892,-0.00040034575638819993
1593043200,559.6921,558.6921,-0.0037328948295910075
1593129600,559.6921,558.6921,0.0
1593216000,559.6704,558.6704,-3.877131730108362e-05
1593302400,560.1266,559.1266,0.0008151226150249876
1593388800,559.3581,558.3581,-0.0013720112560267933
1593475200,558.6337,557.6337,-0.0012950558863812996
1593561600,559.3175,558.3175,0.0012240579112932487
1593648000,557.6759,556.6759,-0.0029350056095152387
1593734400,560.5067,559.5067,0.005076066582759032
1593820800,561.1289,560.1289,0.0011100670161481045
1593907200,558.9099,557.9099,-0.0039545280950598885
1593993600,560.7166,559.7166,0.00323254249030117
1594080000,552.1203,551.1203,-0.015330917615066022
1594166400,555.4795,554.4795,0.00608418129164964
1594252800,546.5312,545.5312,-0.01610914534199735
1594339200,545.9087,544.9087,-0.001139001762388056
1594425600,546.2109,545.2109,0.0005535724197106301
1594512000,545.6746,544.6746,-0.0009818551771851914
1594598400,546.5142,545.5142,0.0015386459256119028
1594684800,545.3892,544.3892,-0.0020585009502040387
1594771200,545.8375,544.8375,0.0008219818067538145
1594857600,544.4022,543.4022,-0.0026295371791054734
1594944000,543.0226,542.0226,-0.0025341558134775763
1595030400,543.1362,542.1362,0.00020919939612093393
1595116800,542.6219,541.6219,-0.0009469079763051116
1595203200,540.4472,539.4472,-0.00400776304826626
1595289600,536.7913,535.7913,-0.006764583108211078
1595376000,551.8164,550.8164,0.02799058032423414
1595462400,561.5509,560.5509,0.017640831261992052
1595548800,566.7434,565.7434,0.009246712987193139
1595635200,562.1343,561.1343,-0.008132604632007887
1595721600,574.5614,573.5614,0.02210699471638716
1595808000,592.6659,591.6659,0.03151012232983266
1595894400,685.0747,684.0747,0.15592056165202023
1595980800,674.6295,673.6295,-0.015246804472563356
1596067200,689.3893,688.3893,0.021878379169603526
1596153600,691.1045,690.1045,0.0024879991609965246
1596240000,713.2006,712.2006,0.031972154717557155
1596326400,758.8345,757.8345,0.06398466294055283
1596412800,682.4322,681.4322,-0.10068374592878958
1596499200,700.3807,699.3807,0.026300781235117688
1596585600,694.3103,693.3103,-0.008667286234472285
1596672000,758.5471,757.5471,0.09251886368386011
1596758400,758.8621,757.8621,0.00041526755556781455
1596844800,738.9962,737.9962,-0.026178537576194684
1596931200,759.9008,758.9008,0.02828783152064917
1597017600,749.6857,748.6857,-0.013442675675561871
1597104000,776.3628,775.3628,0.03558437889371505
1597190400,707.7846,706.7846,-0.08833267127173022
1597276800,731.6152,730.6152,0.033669282999375806
1597363200,760.6405,759.6405,0.039672904554197364
1597449600,755.4039,754.4039,-0.006884461187643773
1597536000,755.4039,754.4039,0.0
1597622400,755.4039,754.4039,0.0
1597708800,755.3755,754.3755,-3.759578154154789e-05
1597795200,754.2444,753.2444,-0.0014974009615084773
1597881600,754.2444,753.2444,0.0
1597968000,754.2444,753.2444,0.0
1598054400,754.2444,753.2444,0.0
1598140800,754.2444,753.2444,0.0
1598227200,754.2444,753.2444,0.0
1598313600,754.2444,753.2444,0.0
1598400000,754.2444,753.2444,0.0
1598486400,754.2444,753.2444,0.0
1598572800,754.2444,753.2444,0.0
1598659200,754.216,753.216,-3.765357754069276e-05
1598745600,754.0384,753.0384,-0.0002354763091740085
1598832000,755.5615,754.5615,0.002019923653755564
1598918400,754.9353,753.9353,-0.0008287875970388113
1599004800,758.5466,757.5466,0.004783588739326441
1599091200,749.5604,748.5604,-0.011846602436818059
1599177600,749.5604,748.5604,0.0
1599264000,749.532,748.532,-3.7888874598924384e-05
1599350400,750.5679,749.5679,0.001382062406941891
1599436800,749.8846,748.8846,-0.0009103773289532248
1599523200,748.4299,747.4299,-0.001939898485713672
1599609600,752.123,751.123,0.004934463468121827
1599696000,750.323,749.323,-0.0023932255761359086
1599782400,747.6239,746.6239,-0.0035972507839956
1599868800,746.2395,745.2395,-0.0018517332043558635
1599955200,744.8699,743.8699,-0.0018353357065660437
1600041600,748.5826,747.5826,0.004984360356083561
1600128000,735.9209,734.9209,-0.016914232310502538
1600214400,731.6779,730.6779,-0.00576556529376994
1600300800,724.0415,723.0415,-0.010436832928806488
1600387200,722.1503,721.1503,-0.0026120049748529967
1600473600,722.0752,721.0752,-0.00010399497168390067
1600560000,723.0576,722.0576,0.0013605231144899923
1600646400,721.3793,720.3793,-0.0023211152195897473
1600732800,714.7239,713.7239,-0.009225937034788754
1600819200,716.5649,715.5649,0.0025758198375624604
1600905600,710.6023,709.6023,-0.008321088571321248
1600992000,722.6768,721.6768,0.016991923611843
1601078400,721.2847,720.2847,-0.0019263106273785377
1601164800,722.4894,721.4894,0.0016702142718402352
1601251200,723.9996,722.9996,0.0020902728815120892
1601337600,720.7404,719.7404,-0.004501659945668429
1601424000,726.8545,725.8545,0.008483082119442738
1601510400,724.15,723.15,-0.003720827208196486
1601596800,716.0172,715.0172,-0.011230822343437098
1601683200,713.7849,712.7849,-0.003117662536598296
1601769600,712.7021,711.7021,-0.0015169836178938784
1601856000,720.0736,719.0736,0.010343031120576301
1601942400,727.1204,726.1204,0.009786221852877208
1602028800,714.3833,713.3833,-0.017517181473659733
1602115200,719.6095,718.6095,0.007315680531725844
1602201600,737.95,736.95,0.02548673968311983
1602288000,747.6163,746.6163,0.013098854935971242
1602374400,766.3351,765.3351,0.025037977368872224
1602460800,772.3256,771.3256,0.007817076367766525
1602547200,786.9562,785.9562,0.018943564734873426
1602633600,776.3488,775.3488,-0.013479022085346026
1602720000,775.6324,774.6324,-0.0009227811004538443
1602806400,784.489,783.489,0.011418553428144662
1602892800,765.7526,764.7526,-0.02388357261860906
1602979200,770.2081,769.2081,0.005818458859950218
1603065600,785.2502,784.2502,0.01952991665499234
1603152000,811.8795,810.8795,0.033911866561765994
1603238400,830.0921,829.0921,0.022432639326402444
1603324800,934.1759,933.1759,0.12538825511048715
1603411200,955.2136,954.2136,0.022520062870386708
1603497600,949.0857,948.0857,-0.00641521435624458
1603584000,972.944,971.944,0.025138193526675186
1603670400,960.9698,959.9698,-0.012307183147231492
1603756800,965.0934,964.0934,0.004291081780093412
1603843200,1044.1511,1043.1511,0.0819171491588276
1603929600,991.0283,990.0283,-0.05087654459206153
1604016000,1019.1781,1018.1781,0.02840463788975555
1604102400,1033.4964,1032.4964,0.01404886937817838
1604188800,1071.041,1070.041,0.03632775111746876
1604275200,1062.4679,1061.4679,-0.008004455478361558
1604361600,1033.2237,1032.2237,-0.027524784513489855
1604448000,1103.0819,1102.0819,0.06761188308011121
1604534400,1120.1275,1119.1275,0.015452705732910813
1604620800,1323.5989,1322.5989,0.18165021392653952
1604707200,1323.5487,1322.5487,-3.792689764240838e-05
1604793600,1290.86,1289.86,-0.02469776896006936
1604880000,1318.9032,1317.9032,0.021724431774166116
1604966400,1312.2636,1311.2636,-0.005034182948377086
1605052800,1310.8636,1309.8636,-0.0010668588231816313
1605139200,1328.2367,1327.2367,0.013253171420733647
1605225600,1353.5647,1352.5647,0.01906889035666608
1605312000,1354.5829,1353.5829,0.0007522359293207088
1605398400,1343.6796,1342.6796,-0.008049193593098046
1605484800,1339.0128,1338.0128,-0.003473149402580769
1605571200,1370.6197,1369.6197,0.023604628723489424
1605657600,1411.5814,1410.5814,0.029885532799506724
1605744000,1416.036,1415.036,0.003155751414689955
1605830400,1417.5421,1416.5421,0.001063602902750942
1605916800,1453.5401,1452.5401,0.025394660236193373
1606003200,1455.7674,1454.7674,0.0015323278662900416
1606089600,1444.6944,1443.6944,-0.0076062975445114825
1606176000,1441.7034,1440.7034,-0.002070334044348746
1606262400,1475.6225,1474.6225,0.023527099956898098
1606348800,1456.8704,1455.8704,-0.01270792496048273
1606435200,1389.605,1388.605,-0.046171162513837884
1606521600,1386.853,1385.853,-0.0019804188960171796
1606608000,1386.853,1385.853,0.0
1606694400,1386.853,1385.853,0.0
1606780800,1386.801,1385.801,-3.7494961614630104e-05
1606867200,1383.466,1382.466,-0.0024048151104592774
1606953600,1383.414,1382.414,-3.758675673988897e-05
1607040000,1384.1891,1383.1891,0.0005602805812288049
1607126400,1378.3199,1377.3199,-0.004240172097873109
1607212800,1378.3199,1377.3199,0.0
1607299200,1378.2678,1377.2678,-3.779964288397935e-05
1607385600,1377.4376,1376.4376,-0.00060235028345007
1607472000,1377.4376,1376.4376,0.0
1607558400,1377.4376,1376.4376,0.0
1607644800,1377.4376,1376.4376,0.0
1607731200,1377.4376,1376.4376,0.0
1607817600,1377.3855,1376.3855,-3.782385496074895e-05
1607904000,1378.6603,1377.6603,0.0009255215769295624
1607990400,1379.3395,1378.3395,0.0004926521783502703
1608076800,1381.1104,1380.1104,0.0012838753620845217
1608163200,1409.1782,1408.1782,0.02032263315083286
1608249600,1432.4909,1431.4909,0.016543471932790293
1608336000,1464.9032,1463.9032,0.022626531170285243
1608422400,1543.9472,1542.9472,0.05395851411888519
1608508800,1501.6554,1500.6554,-0.027391998897371598
1608595200,1413.1141,1412.1141,-0.058962462359873034
1608681600,1416.7676,1415.7676,0.00258542463060831
1608768000,1412.7701,1411.7701,-0.0028215636777689903
1608854400,1417.6789,1416.6789,0.003474592221338883
1608940800,1430.6739,1429.6739,0.009166391627892529
1609027200,1459.3742,1458.3742,0.020060686086465943
1609113600,1454.7757,1453.7757,-0.003151008151302153
1609200000,1472.14,1471.14,0.011936066845218947
1609286400,1480.5937,1479.5937,0.005742456559837922
1609372800,1523.0956,1522.0956,0.028705984633056462
1609459200,1524.3655,1523.3655,0.0008337625031547638
1609545600,1539.2926,1538.2926,0.009792336549206788
1609632000,1638.8851,1637.8851,0.06470017461267596
1609718400,1672.484,1671.484,0.02050107112451017
1609804800,1630.7948,1629.7948,-0.024926516486854303
1609891200,1720.4716,1719.4716,0.05498962837016661
1609977600,1848.1383,1847.1383,0.07420447974845966
1610064000,1974.4318,1973.4318,0.06833552445723352
1610150400,2031.1503,2030.1503,0.028726492350862637
1610236800,2014.5602,2013.5602,-0.008167834748615167
1610323200,1895.7643,1894.7643,-0.05896865231428669
1610409600,1888.1558,1887.1558,-0.0040134208667185305
1610496000,1880.5412,1879.5412,-0.004032823986241024
1610582400,1909.1019,1908.1019,0.01518748964393867
1610668800,1928.7079,1927.7079,0.010269750399389484
1610755200,1895.3339,1894.3339,-0.017303812567989182
1610841600,1880.4844,1879.4844,-0.007834767267129044
1610928000,1880.4844,1879.4844,0.0
1611014400,1880.4844,1879.4844,0.0
1611100800,1880.4844,1879.4844,0.0
1611187200,1880.4844,1879.4844,0.0
1611273600,1880.4844,1879.4844,0.0
1611360000,1880.4844,1879.4844,0.0
1611446400,1880.4844,1879.4844,0.0
1611532800,1880.4844,1879.4844,0.0
1611619200,1880.4844,1879.4844,0.0
1611705600,1880.4138,1879.4138,-3.7543518042485804e-05
1611792000,1874.1563,1873.1563,-0.0033277249932966543
1611878400,1874.0857,1873.0857,-3.767028395657987e-05
1611964800,1876.2221,1875.2221,0.0011399692127205638
1612051200,1876.5995,1875.5995,0.00020114889383302737
1612137600,1866.4784,1865.4784,-0.005393319139219674
1612224000,1871.4215,1870.4215,0.002648356391373165
1612310400,1899.187,1898.187,0.014836582779454
1612396800,1934.9659,1933.9659,0.01883906113510677
1612483200,1922.0297,1921.0297,-0.006685492493691942
1612569600,1947.5305,1946.5305,0.013267640973497977
1612656000,2027.7429,2026.7429,0.04118672339149496
1612742400,1991.5206,1990.5206,-0.017863359304574514
1612828800,2661.0358,2660.0358,0.3361829147034683
1612915200,2669.7625,2668.7625,0.0032794372777696975
1613001600,2515.5396,2514.5396,-0.05776652417583952
1613088000,2827.7716,2826.7716,0.12412128197067539
1613174400,2767.5303,2766.5303,-0.021303453220903747
1613260800,2744.6608,2743.6608,-0.00826350482955861
1613347200,2896.5954,2895.5954,0.0553564214565239
1613433600,2822.788,2821.788,-0.025480741977288283
1613520000,2955.7598,2954.7598,0.047106548561209625
1613606400,3294.5989,3293.5989,0.11463688625848426
1613692800,3275.2769,3274.2769,-0.005864750334251649
1613779200,3411.663,3410.663,0.04164108994876133
1613865600,3411.6788,3410.6788,4.631172539646091e-06
1613952000,3462.433,3461.433,0.014876605617152427
1614038400,3354.4856,3353.4856,-0.031176747680027313
1614124800,3188.7656,3187.7656,-0.049402507496231256
1614211200,3188.7656,3187.7656,0.0
1614297600,3185.4174,3184.4174,-0.0010499987832283315
1614384000,3185.4174,3184.4174,0.0
1614470400,3185.4174,3184.4174,0.0
1614556800,3185.4174,3184.4174,0.0
1614643200,3185.2978,3184.2978,-3.75460999239821e-05
1614729600,3181.3857,3180.3857,-0.001228174018768358
1614816000,3193.3736,3192.3736,0.003768137890353905
1614902400,3173.2706,3172.2706,-0.006295223333718318
1614988800,3173.1508,3172.1508,-3.7752847172863565e-05
1615075200,3173.4765,3172.4765,0.00010264245871968155
1615161600,3187.2398,3186.2398,0.004336978704584583
1615248000,3201.1716,3200.1716,0.0043711176046434584
1615334400,3232.6004,3231.6004,0.00981790541937823
1615420800,3243.3037,3242.3037,0.0033110495191425848
1615507200,3428.3569,3427.3569,0.0570570064098531
1615593600,3369.5451,3368.5451,-0.0171545150389682
1615680000,3772.6977,3771.6977,0.11964600206716342
1615766400,3528.3018,3527.3018,-0.06478014392724865
1615852800,3517.2922,3516.2922,-0.003120367991196308
1615939200,3526.2521,3525.2521,0.0025473857417931582
1616025600,3545.9578,3544.9578,0.005588284513180433
1616112000,3527.5496,3526.5496,-0.005191319535726089
1616198400,3534.8287,3533.8287,0.0020635003969895135
1616284800,3536.1189,3535.1189,0.0003649964706917519
1616371200,3514.085,3513.085,-0.0062310970369237025
1616457600,3514.085,3513.085,0.0
1616544000,3514.085,3513.085,0.0
1616630400,3514.085,3513.085,0.0
1616716800,3514.085,3513.085,0.0
1616803200,3513.953,3512.953,-3.756312098314692e-05
1616889600,3516.3381,3515.3381,0.0006787512525067825
1616976000,3515.6923,3514.6923,-0.00018365696973217139
1617062400,3533.5283,3532.5283,0.005073253993246162
1617148800,3547.608,3546.608,0.003984600887447323
1617235200,3548.4719,3547.4719,0.00024351619457387355
1617321600,3547.0374,3546.0374,-0.00040425852040700775
1617408000,3551.5287,3550.5287,0.0012662116277656623
1617494400,3503.0139,3502.0139,-0.013660258468416692
1617580800,3502.8807,3501.8807,-3.802439950345633e-05
1617667200,3506.0158,3505.0158,0.0008950062158839625
1617753600,3497.8925,3496.8925,-0.0023169604654948214
1617840000,3497.8925,3496.8925,0.0
1617926400,3497.7593,3496.7593,-3.808007250073026e-05
1618012800,3497.5466,3496.5466,-6.081035936350473e-05
1618099200,3507.6025,3506.6025,0.002875129669465973
1618185600,3510.062,3509.062,0.0007011911982614719
1618272000,3507.5754,3506.5754,-0.0007084205350218104
1618358400,3558.7924,3557.7924,0.014601824382734479
1618444800,3503.0107,3502.0107,-0.015674333799296638
1618531200,3526.8643,3525.8643,0.006809456790982788
1618617600,3336.9555,3335.9555,-0.05384635864782213
1618704000,3332.8919,3331.8919,-0.0012177567246551388
1618790400,3306.3608,3305.3608,-0.007960384193678813
1618876800,3306.3608,3305.3608,0.0
1618963200,3306.3608,3305.3608,0.0
1619049600,3306.3608,3305.3608,0.0
1619136000,3306.2367,3305.2367,-3.7533713804010306e-05
1619222400,3307.9744,3306.9744,0.0005255824545169835
1619308800,3314.3968,3313.3968,0.001941490236441952
1619395200,3324.4013,3323.4013,0.0030184979662061006
1619481600,3259.3723,3258.3723,-0.019561116162480144
1619568000,3242.6335,3241.6335,-0.00513559006438144
1619654400,3245.9876,3244.9876,0.0010343753001996732
1619740800,3275.7976,3274.7976,0.00918364567997732
1619827200,3168.5711,3167.5711,-0.03273294418434147
1619913600,3164.8895,3163.8895,-0.0011619117525877483
1620000000,3194.0161,3193.0161,0.00920303852630545
1620086400,3195.4506,3194.4506,0.0004491210924078618
1620172800,3173.2275,3172.2275,-0.006954606026455285
1620259200,3210.144,3209.144,0.011633738835302485
1620345600,3197.0437,3196.0437,-0.004080907273941483
1620432000,3211.2614,3210.2614,0.004447139712228424
1620518400,3238.0664,3237.0664,0.008347187183204798
1620604800,3224.0691,3223.0691,-0.004322734085996506
1620691200,3170.0342,3169.0342,-0.016759845500830022
1620777600,3191.6112,3190.6112,0.006806551172223874
1620864000,2982.6843,2981.6843,-0.06546126295082558
1620950400,2976.9586,2975.9586,-0.0019196466753118864
1621036800,2971.1839,2970.1839,-0.0019397985581660218
1621123200,3074.7375,3073.7375,0.03485263904398519
1621209600,3086.3053,3085.3053,0.003762207342903193
1621296000,3199.543,3198.543,0.036690375381852255
1621382400,3230.9867,3229.9867,0.009827559748376504
1621468800,3515.8427,3514.8427,0.08816377981376408
1621555200,3317.8849,3316.8849,-0.056304509868999576
1621641600,3504.4934,3503.4934,0.056243210847971195
1621728000,3495.491,3494.491,-0.0025688163658689877
1621814400,3674.9634,3673.9634,0.05134397428000819
1621900800,3381.6946,3380.6946,-0.07980182877467576
1621987200,3416.5961,3415.5961,0.010320713171437894
1622073600,3346.0521,3345.0521,-0.020647450835643205
1622160000,3409.048,3408.048,0.01882693338815612
1622246400,3662.7768,3661.7768,0.07442805146774124
1622332800,3763.138,3762.138,0.027400304599504897
1622419200,3763.138,3762.138,0.0
1622505600,3763.138,3762.138,0.0
1622592000,3763.138,3762.138,0.0
1622678400,3760.1736,3759.1736,-0.0007877468219342052
1622764800,3933.3015,3932.3015,0.04604252846198376
1622851200,3675.0551,3674.0551,-0.06565639577845736
1622937600,3519.8645,3518.8645,-0.042228101559620125
1623024000,3553.7138,3552.7138,0.009616648595421743
1623110400,3269.4479,3268.4479,-0.07999121932666606
1623196800,3249.5487,3248.5487,-0.006086409879784379
1623283200,3800.5075,3799.5075,0.1695493284959848
1623369600,3697.7479,3696.7479,-0.027038388952001887
1623456000,3795.3222,3794.3222,0.02638749385808595
1623542400,3518.8868,3517.8868,-0.07283581878766442
1623628800,4078.5799,4077.5799,0.15905402242550112
1623715200,4324.8486,4323.8486,0.060380991923193676
1623801600,4262.3872,4261.3872,-0.014442447765685979
1623888000,3938.865,3937.865,-0.07590164497490991
1623974400,3891.4276,3890.4276,-0.012043418599012609
1624060800,3467.9076,3466.9076,-0.10883409471629384
1624147200,3404.8033,3403.8033,-0.01819664976079523
1624233600,3423.0604,3422.0604,0.005362159981459078
1624320000,2705.8969,2704.8969,-0.20950944949729772
1624406400,2862.5028,2861.5028,0.057875782333022374
1624492800,3052.3071,3051.3071,0.06630711417994063
1624579200,3210.432,3209.432,0.0518050428149906
1624665600,2729.9578,2728.9578,-0.1496602949385004
1624752000,2703.3095,2702.3095,-0.00976143294229687
